Frame,Frame Time (ms),Render Time (ms),Game Time (ms),GPU Time (ms)
0,25.86,30.44,14.14,27.5
1,29.39,6.15,27.93,29.52
2,35.93,28.8,28.86,30.38
3,17.65,6.93,19.56,27.2
4,33.85,6.64,15.28,28.5
5,22.32,16.63,13.63,27.69
6,26.13,11.66,19.33,25.98
7,25.68,6.23,16.9,25.8
8,37.7,3.97,22.8,30.48
9,27.39,26.04,21.56,31.42
10,32.96,9.61,27.49,31.34
11,47.49,27.19,34.61,30.58
12,46.86,20.14,18.54,28.28
13,15,15.26,18.26,31.62
14,14.25,19.92,9.33,37.87
15,33.77,3.41,15.74,26.99
16,37.45,3.89,20.33,32.83
17,43.58,50.23,34.86,30.98
18,42.97,20.35,22.69,33.01
19,45.51,53.47,18.52,30.8
20,20.01,14.87,15.5,55.72
21,17.91,2.96,16.75,55.72
22,31.46,5.67,17.85,30.91
23,25.94,5.13,18.63,26.26
24,28.77,13.26,15.31,28.45
25,42.33,2.58,29.33,30.1
26,15.68,8.66,19.62,28.29
27,31.29,5.93,15.31,28.76
28,28.04,30.09,16.33,29.88
29,74.07,9.56,16.98,31.27
30,31.97,30.01,19,37.28
31,28.95,11.26,25.79,51.01
32,23.03,5.9,15.22,31.77
33,20.46,4.98,20.56,26.91
34,42.06,24.03,40.61,29.7
35,23.68,13.2,14.68,30.91
36,37.05,4.53,27.03,31.94
37,16.02,0.03,20.85,31.94
38,25.78,2.21,12.44,25.2
39,24.8,8.02,15.35,25.33
40,25.12,2.18,15.59,25.08
41,57.54,27.08,15.84,25.13
42,24.63,27.08,14.91,25.13
43,29.52,19.55,29.3,30.97
44,16.88,19.66,19.14,33.93
45,16.34,1.71,11.53,28.72
46,28.51,1.26,15.16,28.55
47,29.18,9.58,22.14,29.13
48,29.22,2.68,14.84,29.24
49,42.94,30.2,15.88,30.21
50,24.14,17.94,17.34,32.49
51,33.49,28.27,28.85,31.15
52,25.61,24.06,19.34,32.3
53,30.48,12.99,22.08,30.41
54,56.19,0.98,30.04,30.41
55,21.35,26.53,22.59,31.68
56,24.71,9,25.2,31.94
57,32.16,4.13,24.47,29.06
58,40,0.22,13.12,32.48
59,14.71,6.63,26.42,30.59
60,29.02,5.62,16.26,28.51
61,31.15,2.08,17.81,29.19
62,32.89,5.53,13.35,29.19
63,69.03,7.2,28.16,32.55
64,31.44,25.04,23.16,33.74
65,41.94,23.55,35.57,41.04
66,16.45,23.54,22.39,35.43
67,84.31,21.52,89.01,34.02
68,14.95,16.85,8.67,66.09
69,21.98,3.43,15.54,34.4
70,34.98,3.27,20.91,31.44
71,19.68,9.46,25.48,29.71
72,27.96,5.54,15.62,27.86
73,58.34,5.28,17.09,31.01
74,42.97,19.02,29.53,31.57
75,13.98,17.4,10.51,31.6
76,20.24,22.17,14.52,38.92
77,27.59,17.26,25.46,29.77
78,23.36,5.49,18.86,23.57
79,26.16,6.32,15.61,26.11
80,25.92,3.25,17.4,25.65
81,31.75,30.93,20.39,23.92
82,18.53,4.7,23.38,26.79
83,25.17,2.19,13.61,25.14
84,26,1.19,14.43,26.03
85,25.77,2.36,14.3,25.26
86,34.97,34.14,18.85,23.05
87,16.08,7.21,29.25,28.46
88,25.13,2.02,13.9,24.62
89,29.73,27.16,20.93,24.83
90,19.28,2.58,21.42,24.72
91,24.95,3.01,13.49,24.5
92,30.29,29.82,20.01,23.91
93,18.46,1.94,22.72,25.23
94,25.92,3.43,12.09,25.81
95,26.23,4.77,17.25,26.38
96,25.31,0.82,14.09,24.9
97,33.07,32.14,22.66,24.14
98,17.46,4.12,23.95,26.79
99,25.68,4.69,13.35,25.24
100,30.74,27.92,21.91,23.55
101,17.25,2.59,20.48,24.79
102,24.75,1.96,12.55,24.58
103,23.41,8.13,16.94,23.54
104,23.44,2.46,14.73,23.13
105,26.2,23.2,20.04,24.4
106,21.31,2.5,18.57,23.45
107,24.62,6.59,12.73,24.23
108,28.31,28.06,22.02,23.77
109,19.19,3.16,18.94,24.25
110,24.57,4.24,14.05,24.5
111,23.95,0.26,13.19,23.89
112,24.1,2.57,14.01,23.7
113,23.37,14.46,17.26,23.67
114,24.25,2.08,17.33,23.81
115,30.71,23.41,22.41,23.77
116,16.81,7.16,21.82,24.4
117,24.62,3.14,12.78,24.16
118,33.75,33.16,22.51,23.74
119,16.52,3.45,22.66,26.95
120,24.34,4.37,13.39,24.31
121,24.26,4.61,17.01,24.32
122,24.05,2.25,14.44,23.98
123,24.83,4.78,15.63,24.9
124,25.13,0.98,12.77,24.64
125,33.7,32.32,19.41,22.69
126,16.96,15.45,26.84,28.45
127,24.77,3.47,18.16,24.39
128,23.01,13.04,17.05,23.32
129,25.49,4.92,18.38,25.33
130,22.95,19.81,15.43,23.09
131,25.36,10.41,21.76,25.31
132,25.87,1.16,15.64,25.38
133,31.23,30.95,19.47,23.38
134,17.75,6.72,23.47,25.98
135,23.27,8.74,15.67,23.38
136,25.48,4.59,18.89,25.58
137,24.88,3.25,13.24,24.54
138,33.2,30.81,20.29,22.91
139,16.64,8.49,27.19,27.27
140,25.36,3.02,15.21,24.98
141,23.62,15.76,19.36,23.43
142,23.69,13.36,20.55,24.19
143,24.32,1.63,14.7,24.4
144,26.37,6.27,15.61,26.32
145,24.46,2.3,14.11,24.01
146,38.95,38.02,21.21,23.17
147,43.63,23.76,44.82,34.73
148,16.31,13.79,17.85,29.35
149,14.09,23.45,12.31,25.75
150,22.46,8.1,15.19,22.89
151,25.37,6.08,17.14,25.3
152,25.21,6.15,15,25.26
153,25.06,2.48,15.57,25.12
154,25.1,3.92,12.8,24.63
155,30.83,29.13,22.24,22.56
156,17,7.69,23.83,25.63
157,27.51,4.24,17.76,27.44
158,27.82,5.79,16.79,27.91
159,28.18,12.79,18.5,28.24
160,27.92,4.64,19.41,27.72
161,28.01,6.68,18.28,28.17
162,26.92,4.59,15.69,26.97
163,28.12,7.81,18.09,28.11
164,26.7,7.28,21.65,26.68
165,24.17,0.5,13.94,24.16
166,25.23,4.29,13.01,24.96
167,24.28,2.86,16.04,24.58
168,24.07,5.79,13.15,24.01
169,23.95,6.44,14.74,23.98
170,23.48,5.68,14.45,23
171,37.57,35.64,23.13,25.08
172,15.94,6.41,26.81,28.92
173,23.09,5.36,13.89,23.11
174,24.26,5.63,15.32,24.16
175,23.59,3.54,15.09,23.63
176,23.96,7.49,13.84,23.85
177,24.06,6.95,16.89,24.17
178,23.01,2.27,13.48,23.04
179,24.21,5.25,14.33,24.13
180,22.81,2.44,13.98,22.93
181,23.53,2.82,12.64,23.52
182,23.41,5.35,16.11,23.35
183,23.44,2.07,13.18,23.46
184,24.58,5.21,12.66,24.6
185,24.43,2.86,16.96,24.43
186,24.18,1.37,12.98,24.18
187,24.79,0.81,13.83,24.75
188,23.7,2.71,13.75,23.73
189,24.69,4.28,14.15,24.59
190,24.1,4.08,14.77,24.1
191,24.82,2.3,15.34,24.86
192,25.02,4.72,14.66,25.04
193,25.55,3.45,15.95,25.45
194,24.06,1.63,13.66,24.14
195,25.28,4.43,17.09,25.28
196,23.98,2.37,13.28,24
197,24.9,5.61,14.58,24.89
198,24.58,5.2,15.28,24.59
199,24.93,1.07,15.3,24.85
200,24.96,2.73,14.17,25.04
201,24.22,1.84,15.26,24.21
202,23.78,2.53,13.82,23.78
203,25.03,3.66,14.57,24.91
204,23.62,1.51,15.02,23.76
205,25.29,7.15,13.79,25.27
206,24.53,2.36,16.28,24.55
207,23.99,4.98,13.33,23.57
208,32.52,32.2,23.01,23.2
209,17.13,4.26,22.94,26.88
210,24.01,7.38,13.82,23.94
211,24.13,6.85,15.07,24.01
212,22.93,16.22,18.6,23.02
213,23.35,4.25,19.76,23.45
214,23.47,3.68,14.11,23.21
215,23.2,20.41,15.78,23.04
216,23.53,7.44,21.84,23.94
217,24.02,3.07,15.7,23.79
218,28.37,21.57,15.21,22.84
219,18.12,10.86,25.98,23.89
220,24.4,1.75,14.17,23.54
221,32.94,33.1,21.05,23.08
222,17.34,6.36,22.34,27.78
223,22.34,9.9,15.47,22.39
224,23.53,10.93,18.76,23.68
225,23.55,1.22,14.33,23.59
226,24.19,5.43,13.81,24.11
227,24.36,2.23,15.57,24.31
228,23.45,4.87,13.05,23.48
229,24.04,4.11,15.04,23.94
230,70.01,3.21,61.82,23.53
231,21.36,24.39,27.6,32.98
232,14.95,7.02,12.26,43.1
233,17.28,3.38,14.09,23.87
234,24.34,10.84,15.78,24.26
235,22.77,11.33,16.74,23
236,25.42,6.86,17.41,25.2
237,23.26,6.43,17.28,23.55
238,23.96,4.36,15.67,23.91
239,23.64,2.45,14.06,23.3
240,31.21,28.92,21.39,22.66
241,17.18,9.86,24.11,25.97
242,23.28,14.07,17.29,23.47
243,23.74,6.16,17.48,23.69
244,24.94,4.48,16.76,24.96
245,23.59,5.68,13.64,23.52
246,22.72,4.9,14.93,22.76
247,25.53,4.77,15.13,25.54
248,24.23,3.09,15.39,23.72
249,36.48,32.92,20.78,22.8
250,15.86,11.12,28.34,28.14
251,22.13,3.48,15.78,24.05
252,23.89,3.35,14.43,23.93
253,24.13,3.97,13.94,23.67
254,31.56,28.94,21.13,22.9
255,16.62,6.47,22.21,25.79
256,23.98,4.64,15.62,23.75
257,23.42,18,17.43,23.34
258,23.33,12.41,22.29,23.62
259,24.02,5.7,14.8,23.7
260,23.59,21.59,17.25,23.83
261,24.6,8.77,22.71,24.47
262,23.44,11.93,16.3,23.63
263,24.11,6.17,18.78,24.13
264,23.73,2.41,14.23,23.29
265,33.66,32.57,21.24,23.33
266,16.44,3.61,24.03,26.95
267,22.91,9.34,15.03,22.92
268,24.18,14.6,18.84,24.36
269,24.51,5.71,17.19,24.54
270,24.49,5.14,14.79,24.53
271,24.25,6.5,14.38,24.26
272,25.01,3.27,14.98,24.4
273,40.39,39.45,28.6,22.69
274,21.71,21.57,24.88,35.04
275,22.31,5.2,21.18,27.16
276,25.25,3.56,14.19,25.38
277,25.66,2.16,15,25.62
278,25.59,1.56,13.82,25.39
279,23.81,18.01,18.03,23.9
280,24.19,4.38,18.9,24.24
281,25.6,4.74,14.69,25.65
282,25.65,2.01,14.79,25.22
283,35.41,33.1,27.97,25.02
284,15.42,5.61,19.38,26.03
285,24.85,8.53,16.85,25.05
286,26.31,0.99,14.72,26.22
287,25.17,0.25,14.61,25.22
288,27.3,3.16,14.29,27.35
289,25.97,25.59,14.66,25.56
290,35.19,35.15,21.73,24.57
291,18.23,6.7,24.02,29.2
292,26.05,2.07,13.67,25.84
293,31.04,30.77,18.85,25.8
294,19.54,3.37,20.77,25.03
295,26.38,5.57,13.82,26.01
296,24.83,19.32,19.59,25.12
297,24.91,3.61,19.35,24.81
298,29.57,2.59,14.58,29.74
299,29.3,4.62,18.6,29.19
300,31.21,6.19,18.13,31.32
301,29.78,8.02,17.01,29.78
302,30.5,5.68,18.83,30.52
303,28.3,1.75,16.33,28.26
304,29.9,3.85,16.64,29.91
305,29.01,6.78,17.52,29
306,26.41,26.43,13.44,26.43
307,28,5.74,14.85,27.55
308,33.96,33.5,20.68,24.5
309,19.03,13.5,28.41,28.92
310,27.19,3.16,17.52,26.76
311,31.41,30.06,21.05,25.59
312,20.89,4.16,22.42,26.91
313,25.3,12.03,16.64,25.41
314,26.29,1.38,15.62,26.09
315,35.35,35.25,20.94,24.48
316,19.46,16.16,27.13,29.8
317,25.07,14,20.19,25.7
318,25.19,7.65,16.12,25.34
319,26.26,5.6,15.86,25.95
320,29.49,29.36,22.82,25.28
321,20.88,9,19.18,25.33
322,25.55,21.66,17.98,25.64
323,25.71,3.1,17.89,25.71
324,25.35,3.03,14.32,25.07
325,32.58,31.99,19.14,24.27
326,18.31,7.73,22.92,26.97
327,26.86,0.98,14.12,26.79
328,26.69,3.87,13.68,26.77
329,26.25,2.27,14.45,26.17
330,26.1,25.82,12.92,25.69
331,36.02,36.04,22.12,25.34
332,18.07,7.35,22.1,28.94
333,25.24,8.71,16.89,25.36
334,25.48,3.29,14.13,25.67
335,25.11,5.18,13.92,25.1
336,26.92,4.73,15.53,26.62
337,25.09,4.05,14.23,24.84
338,35.57,35.5,21.14,24.12
339,16.8,8.88,25.17,28.8
340,25.66,3.28,14.37,25.64
341,27.28,5.07,14.39,27.32
342,26.04,4.81,16.07,25.89
343,25.41,2.35,14.68,25.51
344,27.91,4.47,16.95,27.19
345,37.48,37.76,21.46,24.14
346,22.6,22.42,29.02,28.19
347,18.69,1.87,17.53,27.17
348,25.9,4.86,11.56,25.61
349,26.16,24.13,19.91,26.37
350,25.29,4.56,18.35,25.31
351,25.75,5.61,14.59,25.78
352,25.43,1.99,13.86,25.39
353,25.29,4.42,13.76,24.97
354,36.5,35.77,23.45,25.07
355,17.14,11.91,24.23,28.97
356,25.09,4.12,16.52,24.68
357,26.53,21.34,18.81,22.85
358,20.01,6.26,21.11,23.99
359,24.55,3.8,13.54,24.62
360,25.22,2.01,14.98,24.42
361,31.69,30.51,23.17,23.81
362,18,2.67,21.92,26.69
363,24.19,3.16,12.24,23.88
364,23.14,17.46,20.5,23.26
365,23.75,2.99,18.7,23.87
366,25.73,3.98,13.15,25.3
367,32.98,31.56,23.28,23.81
368,17.79,4.64,22.95,27.26
369,25.58,4.11,13.94,25.64
370,85.64,23.08,78.67,23.08
371,46.98,52.93,49.55,48.92
372,14.54,11.16,19.2,58.64
373,11.85,20.22,9.8,28.45
374,25.18,3.19,16.28,25.18
375,25.07,3.08,14.03,24.43
376,33.89,31.52,25.64,23.77
377,18.69,10.84,24.7,29.48
378,24.22,0.78,14.5,23.95
379,24.49,11.95,18.31,24.76
380,184.68,183.85,18.5,24.6
381,52.34,1.76,14.74,180.38
382,10.78,13.09,48.21,21.93
383,15.08,13.37,12.43,23.45
384,14.27,2.25,13.72,26.76
385,24.63,2.14,14,24.61
386,25.21,0.85,15.06,25.24
387,25.95,6.13,15.84,25.83
388,22.99,9.24,14.27,23.07
389,23.22,8.71,15.8,23.09
390,22.4,5.59,15.76,22.52
391,23.88,8,14.1,23.93
392,23.65,6.7,18.44,23.56
393,22.68,2.67,13.91,22.79
394,23.06,6.48,13.93,23.03
395,23.69,4.38,15.77,23.7
396,23.95,3.18,13.88,23.92
397,24.54,7.03,14.61,24.52
398,23.31,3.38,14.41,23.32
399,24.62,7,15.18,24.47
400,24.47,5.31,15.56,24.56
401,23.64,4.8,15.23,23.62
402,25.39,9.71,15.15,25.44
403,24.06,5.91,16.74,24.09
404,25.92,6.57,15.29,25.73
405,24.84,7.19,17.7,25.02
406,24.55,2.29,14.84,24.46
407,25.63,5.03,14.79,25.69
408,24.72,5.04,14.87,24.72
409,24.61,4.08,14.2,24.64
410,24.67,5.11,14.89,24.58
411,24.19,8.78,15.95,24.27
412,25.63,10.22,18.39,25.63
413,25.39,5.79,17.34,25.24
414,24.45,1.52,14.36,24.62
415,26.01,4.04,14.65,26.02
416,24.78,3.1,14.48,24.72
417,26.37,5.89,15.39,25.91
418,36.07,35.11,24.59,25.13
419,18.12,8.35,25.25,29.48
420,25.72,7.37,17.28,25.61
421,24.56,18.18,19.77,24.68
422,25.5,5.93,18.68,25.17
423,29.37,27.18,22.31,24.98
424,20.2,2.95,19.92,24.86
425,25.91,3.09,15.24,25.56
426,35.76,32.23,23.04,22.86
427,21.37,18.8,25.58,29
428,22.45,8.95,23,28.19
429,27.49,4.51,16.33,27.48
430,27.51,7.64,19.5,27.53
431,27.04,2.09,17.44,26.88
432,25.6,2.99,17.64,25.6
433,25.16,6.45,19.61,25.27
434,24.98,12.03,15.4,24.96
435,28.59,7.12,17.79,28.61
436,24.72,1.43,15.3,24.47
437,24.56,11.43,17.76,24.7
438,23.73,4.37,15.66,23.38
439,31.55,28.89,22.32,23.12
440,15.61,10.25,21.83,24.41
441,23.28,3.33,15.83,23.25
442,23.06,4.36,13.97,23.22
443,23.97,6.79,14.67,23.78
444,23.64,4.85,17.4,23.64
445,22.26,3.98,13.63,22.38
446,22.68,5.66,13.87,22.74
447,23.83,4.39,14.32,23.28
448,37.46,31.82,30.45,21.9
449,18.58,13.86,20.17,27.79
450,17.74,8.74,18.05,24.46
451,22.34,14.99,17.2,22.5
452,18.81,5.11,15.32,18.58
453,24.36,24.22,14.81,19.64
454,18.1,4.85,19.51,22.82
455,22.26,13.17,19.1,22.51
456,23.55,5.92,15.29,23.59
457,24.6,6.7,16.74,24.08
458,29.68,27.79,19.39,22.17
459,16.83,9.64,22.01,24.84
460,23.77,4.91,15.78,23.77
461,23.21,3.4,14.75,23.17
462,23.64,4.08,14.5,23.67
463,22.9,2.68,13.29,22.9
464,23.25,6.51,13.33,23.25
465,24.76,8.55,17.39,24.14
466,35.58,34.92,21.52,22.16
467,18.88,18.86,27.58,28.23
468,20.47,3.1,17.7,25.17
469,25.1,3.96,15.25,24.61
470,32.17,32.21,21.19,22.5
471,17.53,4.76,18.43,27.53
472,25.65,4.6,14.36,25.68
473,25.03,5.63,14.5,25.14
474,24.92,4.27,13.82,24.9
475,25.8,1.33,14.65,25.3
476,34,33.73,20.7,22.95
477,17.3,9.47,23.66,28.83
478,25.6,5.19,16.45,25.55
479,24.07,2.01,13.36,23.74
480,33.02,32.98,23.68,23.78
481,32.48,3.12,21.72,25.84
482,522.25,532.62,17.83,23.32
483,35.49,13.04,33.44,526.29
484,14.16,21.09,15.54,22.84
485,15.67,4.84,13.05,31.18
486,25.04,4.97,15.94,24.8
487,31.24,5.98,13.91,23.63
488,16.65,3.54,14.42,24.69
489,23.67,1.98,12.37,23.53
490,24.02,8.65,13.35,23.92
491,23.87,10.05,19.18,23.99
492,23.64,1.25,14.49,23.53
493,23.58,9.91,16.79,23.82
494,87.35,87.24,14.5,24.97
495,15.77,14.15,13.22,73.02
496,19.36,2.66,14.64,24.4
497,24.78,2.46,12.89,24.88
498,24.52,2.56,14.92,24.02
499,23.85,18.02,17.66,24.35
500,24.27,6.07,19.05,24.26
501,24.91,7.17,13,24.86
502,26.4,5.87,17.81,25.98
503,38.25,37.82,26.28,22.65
504,21.99,18.99,26.57,31.05
505,18.73,4.82,19.19,25.72
506,27.39,6.73,13.24,27.42
507,28.39,9.72,20.3,28.32
508,27.48,4.84,17.43,27.54
509,28.82,8.99,18.5,28.8
510,27.01,6.71,17.52,26.98
511,28.18,6.77,16,28.25
512,28.05,8.91,19.62,28.06
513,27.53,10.58,17.33,27.24
514,24.21,18.38,18.64,24.11
515,24.01,15.71,19.52,23.36
516,24.04,21.71,18.98,25.02
517,25.63,6.57,19.11,25.39
518,28.92,28.54,17.34,23.55
519,19.41,6.83,23.55,25.03
520,24.7,3.95,14.58,24.72
521,25.2,5.46,13.84,25.19
522,25.55,6.57,15.94,25.11
523,37.91,37.6,21.87,23.16
524,16.9,14.37,24.92,32.02
525,24.57,5.86,16.33,24.67
526,25.88,3.5,15.63,25.64
527,24.49,4.67,13.88,24.76
528,24.73,4.53,13.22,24.66
529,25.03,4.92,14.17,24.93
530,23.66,6,14.93,23.82
531,24.21,3.09,13.45,24.18
532,25.79,13.26,15.93,25.41
533,33.98,34.07,21.5,22.55
534,20.86,20.39,25.14,28.55
535,20.41,1.01,14.85,24.54
536,24.95,4.79,13.06,24.93
537,25.55,5.72,15.7,25.45
538,24.68,3.07,13.65,24.76
539,25,2.72,13.9,24.95
540,24.18,4.78,13.52,24.17
541,23.96,1.45,14.45,24.08
542,25.8,10.67,12.8,25.64
543,23.64,5.81,16.17,23.61
544,24.16,9.47,14.54,24.24
545,24.29,7.88,17.02,24.37
546,23.82,5.62,13.07,23.29
547,33.21,33.37,25.95,23.3
548,15.48,15.42,19.27,25.77
549,23.4,5.41,16.79,23.38
550,22.57,21.94,16.61,22.73
551,22.85,8.08,17.65,22.55
552,25.14,23.67,18.61,23.22
553,21.92,8.76,21.31,23.87
554,22,15.45,17.74,22.24
555,24.18,7.93,17.45,23.93
556,22.67,21.56,18.18,22.95
557,22.78,7.54,17.07,22.74
558,23.51,2.52,13.31,23.49
559,22.55,7.21,13.58,22.56
560,23.94,4.02,15.69,23.96
561,23.61,3.4,13.27,23.63
562,23.29,4.73,14.64,23.24
563,23.94,6.75,13.25,23.95
564,24.36,6.42,17.35,24.36
565,23.4,1.55,12.63,23.35
566,23.14,8.16,13.73,23.17
567,23.07,6.75,14.45,23.07
568,23.39,2.4,13.91,22.67
569,31.81,32.03,21.47,22.48
570,13.79,9.36,20.81,23.81
571,23.85,7.3,13.57,23.32
572,26.59,26.63,20.61,22.55
573,17.15,6.6,17.09,21.75
574,22.51,5.76,14.7,22.55
575,23.93,9.27,16.18,23.41
576,29.92,29.77,21.96,21.85
577,15.61,11.16,21.35,24.15
578,161.95,161.79,16.64,24.39
579,16.46,16.09,9.6,148.48
580,19.15,5.85,16.35,24.7
581,25.02,6.58,14.27,24.64
582,23.9,10.67,15.23,24.21
583,24.74,8.46,16.15,24.41
584,22.96,14.62,16.33,23.34
585,24.85,9.31,17.98,24.86
586,25.4,9.49,14.54,25.38
587,24.29,4.57,15.43,24.3
588,24.53,6.27,14.15,23.92
589,32.02,32.19,21.48,22.63
590,20.18,19.87,21.5,25.69
591,19.56,10.75,16.28,24.04
592,23.71,7.91,14.93,23.75
593,25.38,10.74,16.65,25.07
594,23.85,18.48,19.13,23.83
595,22.91,17.39,17.06,23.09
596,24.81,10.05,19.62,24.6
597,23.32,15.11,15.78,23.54
598,23.71,9.09,15.94,23.83
599,24.06,10.94,16.09,24.07
600,35.02,4.63,32.04,22.37
601,14.82,10.28,14.25,25.6
602,20.54,5.24,17.76,22.35
603,22.16,5.65,14.44,22.15
604,25.41,7.98,16.95,25.41
605,25.31,7.97,19.78,25.36
606,25.58,10.9,17.29,25.56
607,25.53,8.76,21.34,25.51
608,25,6.77,16.18,24.9
609,25.86,8.08,19.76,25.94
610,25.44,9.21,17.29,25.49
611,25.62,15.32,17.87,25.64
612,24.81,10.15,17.08,24.77
613,23.87,10.59,18.49,23.86
614,25.09,5.08,16.9,25.13
615,22.65,7.97,15.63,22.41
616,21.18,11.86,16.42,21.1
617,22.66,9.14,17.05,22.95
618,22.34,6.48,16.45,22.39
619,22.57,6.42,14.67,22.52
620,22.75,2.59,13.65,22.42
621,25.87,22.34,19.7,21.25
622,18.34,6.3,18.8,23.22
623,25.45,7.8,13.56,25.45
624,24.59,4.39,16.5,24.67
625,26.45,5.68,13.43,25.95
626,32.32,31.87,25.11,25.31
627,18.46,8.13,19.37,25.96
628,26.33,4.85,15.23,26.3
629,25.01,3.26,14.74,25.04
630,26.16,4.96,14.87,25.91
631,25.73,7.92,15.13,25.95
632,25.76,0.68,15.12,25.78
633,26.96,5.64,15.22,26.43
634,34.02,33.31,20.73,24.08
635,17.79,17.25,26.43,26.53
636,25.13,5.31,16.02,26.69
637,24.91,13.3,18.7,25.09
638,26.38,4.04,15.14,25.88
639,36.78,36.46,24.25,24.66
640,16.97,15.92,25.52,29.27
641,25.17,0.97,17.11,25.54
642,25.66,2.11,13.62,25.63
643,25.34,4.29,12.75,24.89
644,33.12,33,23.19,23.7
645,17.31,13.48,23.67,27.14
646,24.99,6.4,19.28,24.83
647,23.01,10.82,15.34,23.13
648,25.71,3.88,17.02,25.41
649,22.37,12.18,14.54,22.75
650,24.65,8.82,15.25,24.54
651,24.91,5.07,16.34,25.03
652,25.17,4.45,13.28,25.03
653,24.73,0.77,15.24,24.58
654,23.25,5.97,13.02,23.53
655,24.39,6.43,15.7,24.25
656,24.09,5.35,14.43,24.23
657,23.71,5.74,16.32,23.64
658,25.32,6.23,14.19,24.83
659,29.69,29.73,22.25,23.43
660,17.24,5.32,17.81,23.63
661,68.45,2.86,60.21,25.59
662,25.84,28.37,30.16,28.01
663,13.32,19.81,15.34,39.02
664,21.28,22.84,14.02,28.91
665,15.9,5.75,16.56,23.65
666,22.83,7.76,14.14,22.57
667,22.12,18.8,16.36,22.1
668,23.35,22.75,20.56,23.66
669,24.28,6.51,17.39,24.01
670,24.11,24.07,17.5,24.09
671,24.46,6.09,17.53,24.51
672,23.49,14.43,17.67,23.42
673,24.08,22.34,18.26,24.39
674,26.12,4.78,19.27,26.06
675,25.66,0.78,14.06,25.3
676,32.53,32.62,22.28,25.02
677,17.92,6.34,19.15,25.61
678,23.71,19.55,16.7,23.88
679,25.07,4.42,16.18,25.11
680,25.47,3.87,14.27,25.11
681,37.97,38.79,25.96,23.71
682,15.5,10.48,20.3,30.75
683,24.67,6.42,14.72,24.73
684,26.09,18.51,15.91,26.09
685,23.77,3.67,16.31,23.79
686,25.84,7.24,14.98,25.34
687,30.57,30.69,19.45,22.9
688,16.19,10.7,17.49,24.33
689,23.76,4.79,13.05,23.53
690,30.34,30.17,17.85,21.59
691,15.1,11.97,23.65,24.08
692,24.54,8.6,16.68,24.52
693,23.85,4.87,14.31,23.47
694,33.7,33.77,21.81,22.55
695,14.44,11.67,20.26,25.74
696,23.28,22.39,17.28,22.06
697,22.82,10.78,19.31,24.17
698,22.82,8.75,16.68,22.96
699,23.17,2.6,13.73,23.08
700,23.65,6.19,13.44,23.62
701,22.32,2.63,13.68,22.43
702,22.61,11.09,12.94,22.14
703,33.02,33.03,28.3,21.47
704,16.2,15.98,17.7,27.79
705,22.45,11.14,18.84,22.8
706,21.59,5.45,13.15,21.16
707,20.99,17.16,15.29,21.47
708,22.56,9.91,18.78,22.45
709,21.48,8.34,13.64,21.64
710,21.93,5.51,12.84,21.89
711,21.98,7.58,14.35,21.98
712,22.53,6.27,15.24,22.01
713,33.74,33.91,22.41,20.69
714,20.73,20.5,22.65,27.4
715,16.18,12.28,17.7,23.08
716,23.3,9.07,14.4,23.07
717,22.13,21.8,17.97,22.37
718,22.57,8.62,16.53,22.42
719,23.63,11.58,15.54,23.77
720,22.46,5.21,15.1,22.22
721,24.25,23.69,14.87,21.09
722,19.53,14.35,20.27,22.7
723,23.59,7.52,16.04,23.54
724,29.92,29.52,18.62,21.77
725,16.56,8.58,20.04,24.96
726,23.23,5.07,15.46,22.81
727,32.96,33.02,21.29,21.5
728,16.61,15.85,21.81,26.72
729,20.89,6.99,15.84,22.4
730,26.5,25.82,17.91,22.76
731,19.68,9.32,17.21,23.69
732,23.78,7.23,15.51,23.74
733,24.76,5.76,15.99,24.76
734,23.3,9.58,14.09,23.29
735,24.43,5.57,16.2,24.45
736,24.28,7.46,13.38,24.3
737,23.85,7.3,15.32,23.79
738,24.36,8.63,13.69,24.41
739,25.44,10.68,16.08,25.43
740,24.47,8.44,14.31,24.01
741,36.53,36.38,22.49,23.55
742,16.3,14.14,26.21,29.75
743,25.26,8.95,15.87,25.23
744,25.5,8.21,16.18,25.53
745,25.16,5.67,16.29,25.1
746,26.16,10.74,13.5,25.79
747,28.38,28.31,19.28,24.22
748,20.98,14.61,20.08,24.22
749,27.17,25.96,20.77,25.25
750,23.25,14.48,20.97,25.22
751,24.18,6.77,16.57,24.1
752,24.1,6.8,13.96,23.94
753,30.77,30.48,19.06,23.71
754,19.38,13.82,20.08,26.66
755,26.12,10.7,15.93,26.06
756,25.67,8.16,15.38,25.68
757,24.57,5.58,15.91,24.6
758,26.11,9.07,15,26.17
759,24.84,11.15,14.85,24.87
760,24.53,5.23,14.53,24.1
761,37.13,37.29,21.08,22.83
762,17.19,16.36,20.77,28.16
763,20.48,2.66,14.01,24.19
764,24.55,7.81,13.06,24.55
765,23.47,6.63,15.36,23.34
766,24.29,6.85,13.98,24.39
767,25.55,10.37,15.09,25.14
768,48.05,36.51,46.46,22.54
769,17.19,21.12,17.9,29.77
770,13.71,4.63,11.12,26.98
771,24.56,4.47,13.95,24.46
772,24.22,8.91,16.45,24.43
773,23.16,4.95,14.98,23.14
774,25.32,10.78,13.97,25.29
775,24.06,7.21,18.41,24.08
776,24.29,6.37,13.89,24.14
777,24.7,7.22,15.36,24.38
778,32.53,32.66,24.77,21.78
779,17.26,16.12,20.13,27.07
780,22.98,9.09,17.15,24.42
781,23.92,7.04,16.52,23.86
782,24.59,9.17,14.89,24.65
783,24.06,6.28,14.81,23.61
784,32.62,31.72,24.34,22.1
785,19.64,19.72,22.51,25.25
786,18.61,5.15,16.48,23.94
787,24.15,11.69,13.58,24.06
788,25.01,11.22,18.64,24.88
789,29.33,28.32,18.15,23.32
790,37.5,24.03,22.75,29.22
791,12.65,15.81,23.36,27.08
792,24.54,9.41,14.93,24.57
793,24.71,9.95,16.03,24.38
794,23.36,7.77,16.04,23.71
795,24.83,11.3,14.47,24.88
796,23.78,9.57,15.86,23.73
797,24.51,13.06,14.1,24.54
798,25.16,10.43,18.65,24.65
799,33.73,33.72,22.37,21.63
800,18.7,18.27,20.71,26.69
801,20.16,10.15,17.23,24.52
802,34.91,34.97,17.2,23.51
803,23.72,23.3,17.45,27.22
804,16.85,8.81,14.82,27.22
805,23.83,11.9,14.01,23.88
806,26.07,25.35,19.55,23.15
807,20.79,14.85,17.38,23.86
808,24.88,12.22,17.35,24.91
809,23.92,10.98,16.52,23.87
810,24.08,11.05,14.26,24.12
811,25.1,14.92,16.93,25.03
812,24.06,11.43,14.87,24.19
813,25.4,12.49,15.29,25.12
814,32.05,32.03,20.01,23.72
815,16.34,15.41,18.35,24.94
816,39.28,26.8,16.41,27.04
817,22.43,33.67,16.86,28.56
818,18.93,16.27,19.49,24.94
819,24.54,13.15,16.94,24.6
820,24.16,7.63,13.42,24.2
821,25.54,9.76,18.35,25.31
822,22.94,22.95,15.62,22.92
823,25.42,12.65,20.41,25.41
824,25.13,24.44,18.6,25.36
825,25.18,8.72,19.52,24.99
826,25.95,11.88,14.37,26.13
827,25.19,6.96,16.86,25.18
828,25.27,10.09,13.45,25.25
829,25.88,10.48,18.06,25.85
830,27.9,12.39,17.8,27.6
831,29.34,29.21,17.39,24.95
832,20.44,8.65,18.39,25.1
833,24.89,10.95,14.58,24.98
834,24.48,10.68,15.58,24.47
835,24.33,7.85,14.93,23.94
836,35.41,35.46,25.3,24.27
837,17.32,14.4,18.07,28.84
838,26.87,10.3,19.13,26.64
839,24.44,22.85,17.04,24.62
840,25.27,7.6,20.17,25.33
841,25.56,6.64,14.53,25.55
842,25.6,5.42,15.5,25.22
843,37.26,36.75,25.04,23.11
844,18.4,18.07,23.61,29.68
845,22.37,5.62,18.43,25.63
846,26.07,5.66,15.19,26.09
847,25.75,5.82,14.07,25.07
848,38.29,38.45,26.6,23.74
849,15.73,10.02,18.07,30.85
850,24.92,6.8,16.4,24.92
851,26.44,8.55,16.63,26.27
852,23.88,20.65,16.38,24.11
853,25.76,12.51,17.36,25.03
854,28.41,28.51,19.74,24.38
855,19.69,4.54,17.5,24.44
856,26.44,7.72,14.6,25.93
857,28.97,29.19,19.17,25.41
858,21.41,6.79,18.32,25.11
859,30.77,30.82,20.66,24.49
860,17.68,7.69,21.03,24.16
861,25.19,9.87,15.97,25.36
862,23.93,5.45,13.77,23.74
863,24.59,24.23,18.1,24.64
864,24.2,10.57,21.31,24.28
865,23.02,6.65,15.4,23.06
866,23.72,11.87,14.05,23.74
867,24.16,9.94,17.22,24.04
868,26.17,20.9,19.1,26.23
869,25.78,10.79,20.85,25.57
870,25.68,17.46,17.47,25.72
871,25.66,25.24,20.64,25.9
872,24.47,10.28,18.2,24.22
873,24.87,18.43,18.53,25.1
874,24.66,8.53,17.68,24.65
875,25.45,6.27,15.33,25.43
876,23.88,7.38,14.91,23.84
877,25.74,7.3,15.4,25.83
878,23.8,8.69,14.61,23.8
879,26.46,7.66,16.67,26.43
880,23.88,8.56,15.67,23.87
881,25.51,5.96,16.14,25.49
882,24.03,10.11,15.08,24.1
883,25.14,7.52,16.38,25.14
884,23.38,9.45,14.13,23.36
885,24.7,8.03,17.94,24.21
886,34.27,34.41,23.48,22.13
887,20.34,20.16,23.58,28.17
888,18.51,4.68,17.54,23.32
889,23.05,5.71,13.86,22.83
890,23.91,19.17,17.46,24.12
891,22.67,4.57,17.39,22.65
892,23.67,6.58,15.69,23.65
893,23.44,7.07,15.43,23.41
894,22.61,7.17,13.33,22.21
895,36.63,34.03,30.41,20.96
896,17.54,15.92,19.71,28.64
897,18.22,5.13,17.27,23.08
898,23.05,10.06,14.03,23.19
899,23.08,8.2,15,22.86
900,22.77,17.47,17.61,22.96
901,23.39,8.51,19.14,23.04
902,28.06,26.96,21.89,22.56
903,18.91,12.41,19.8,24.81
904,24.32,10.15,15.6,24.29
905,24.17,5.19,19.06,24.15
906,24.28,6.75,13.83,24.28
907,23.41,5.07,14.82,23.44
908,23.06,6.48,13.09,22.92
909,23.77,13.7,18.87,23.9
910,22.91,6.95,16.89,22.67
911,31.2,29.77,19.06,22.45
912,15.13,11.58,24.21,24.14
913,22.65,4.47,15.03,22.46
914,23.67,17.27,17.26,23.81
915,23.16,8.48,18.84,23.2
916,23.11,7.81,13.76,22.49
917,31.71,31.09,22.37,23.41
918,15.84,10.86,21.47,24.75
919,23.67,5.6,16.21,23.65
920,23.7,6.73,14.55,23.75
921,23.4,5.93,14.38,23.39
922,24.26,7.79,14.92,24.23
923,24.26,9.21,14.81,23.78
924,33.51,31.57,26.47,21.94
925,16.04,15.74,21.17,27.75
926,24.01,6.47,19.28,24.21
927,36.23,1.33,30.37,23.03
928,13.35,4.23,17.06,25.51
929,22.93,4.6,14.86,24.1
930,22.92,9.89,14.17,22.74
931,23.19,8.83,16.86,23.31
932,21.91,6.03,15.35,21.98
933,23.48,6.86,15.95,23.43
934,22.34,4.89,14.31,22.4
935,22.14,7.58,13.46,22.17
936,23.61,9.83,17.5,23.58
937,23.17,4.05,16.23,22.64
938,37.47,37.38,24.27,20.82
939,18.6,18.43,25.1,31.18
940,17.23,6.24,17.46,21.87
941,23,8.81,16.06,22.97
942,22.42,9.51,16.41,22.43
943,21.37,5.44,15.15,21.37
944,23.18,9.22,14.4,22.98
945,26.48,26.36,18.2,22.29
946,18.23,3.55,20.55,22.57
947,23.29,4.36,13.85,23.33
948,22.7,2.97,13.18,22.49
949,23.29,6.02,16.53,23.39
950,23.31,4.58,14.46,23.4
951,22.71,5.24,13.37,22.73
952,23.32,6.59,15.24,23.31
953,22.39,7.92,14.05,22.36
954,22.69,4.91,16.12,22.38
955,35.74,32.76,25.14,19.63
956,13.63,12.68,20.07,29.71
957,22.32,5.54,17.01,22.69
958,23.65,4.72,14.69,23.67
959,24.21,5.86,16.29,23.75
960,32.48,28.45,18.29,22.38
961,14.95,10.32,25.88,25.15
962,22.21,2.58,15.97,22.56
963,23.29,3.3,13.51,23.26
964,23.96,6.08,15.82,23.95
965,23.53,1.65,14.36,22.86
966,34.18,33.28,24.87,21.56
967,14.05,11.55,19.99,27.33
968,23.23,3.63,15.95,23.24
969,24.05,5.74,15.24,24.05
970,22.93,2.14,13.3,22.96
971,23.58,4.81,14.25,23.56
972,24.37,1.69,13.28,23.9
973,33.4,32.79,23.7,21.26
974,19.23,19.38,21.33,26.83
975,18.63,3.78,18.49,23.59
976,22.8,3.94,13.64,22.87
977,23.39,5.18,14.01,23.22
978,24,5.5,15.24,23.64
979,32.8,32.17,21.16,21.28
980,17.56,12.95,23.39,28.09
981,20.58,2.67,17.31,22.07
982,22.88,6.78,12.95,22.64
983,25.47,19.37,20,22.9
984,19.42,6.16,19.04,22.03
985,27.49,26.71,16.95,22.83
986,18.07,6.1,20.36,22.88
987,23.1,1.83,13.27,22.94
988,30.23,29.53,20.38,22.38
989,14.97,4.76,19.9,23
990,22.36,4.15,14.32,22.3
991,23.78,6.13,16.6,23.62
992,27.18,26.53,16.69,22.12
993,17.75,6.33,21.01,23.03
994,33.71,33.45,15.41,25.14
995,14.36,3.23,10.02,22.9
996,22.3,10.91,13.99,22.1
997,25.68,23.59,19.8,21.78
998,16.95,2.45,18.82,21.07
999,21.86,6.86,11.95,21.63
1000,25.71,23.62,19.27,22.19
1001,17.64,2.45,19.36,21.28
1002,21.91,8.16,13.12,22.02
1003,22.54,8.51,17.04,22.52
1004,21.46,5.54,14.09,21.09
1005,31.45,29.94,22.84,21.36
1006,13.51,10.13,20.38,23.92
1007,21.19,5.54,15.58,21.29
1008,23.4,8.95,15.05,23.38
1009,22.82,7.02,18.17,22.44
1010,28.38,28.01,18.36,21.23
1011,15.72,13.8,21.94,23.06
1012,22.14,5.09,18.16,22.29
1013,34.1,0.71,33.42,21.73
1014,18.95,5.44,11.61,23.66
1015,15.51,6.07,17.78,22.98
1016,34.34,1.49,31.43,22.09
1017,16.29,10.53,12.77,22.82
1018,16.31,4.39,16.02,21.71
1019,29.6,29.68,17.1,19.66
1020,18.51,17.94,22.05,24.83
1021,16.8,3.56,17.63,20.89
1022,20.91,4.46,12.14,20.98
1023,20.62,11.08,13.96,20.41
1024,24.77,22.02,19.47,19.36
1025,15.59,13.36,19.47,21.13
1026,21.6,7.47,15.21,21.43
1027,19.37,16.31,16.5,19.39
1028,23.25,22.2,19.35,19.96
1029,18.46,5.84,21.4,21.93
1030,20.33,4.65,14.46,20.32
1031,21.22,0.51,12.94,21.14
1032,21.74,5.41,12.68,21.56
1033,21.17,14.79,17.06,19.71
1034,17.97,7.36,17.88,19.44
1035,20.98,10.96,15.54,21.14
1036,22.27,6.96,17.4,22.37
1037,23.18,2.51,14.69,22.86
1038,22.28,9.7,15.71,22.48
1039,22.04,0.65,15.55,22.18
1040,23.63,1.59,14.15,23.58
1041,21.41,4.63,13.16,21.46
1042,20.5,4.67,13.64,20.46
1043,22.26,2.18,14.23,22.24
1044,23.03,0.63,12.19,22.54
1045,31.92,28.35,19.55,22.29
1046,14.7,9.96,24.23,24.82
1047,26.24,26.17,15.74,26.13
1048,24.38,9.12,20.58,24.51
1049,22.54,3.74,14.13,21.9
1050,21.33,13.08,17.39,21.86
1051,22.98,2.16,16.96,22.87
1052,22.76,10.76,16.61,22.98
1053,23.82,5.4,20.52,23.78
1054,23.94,0.05,13.17,23.95
1055,22.12,4.51,14.08,22.06
1056,22.13,2.88,15.94,22.16
1057,23.05,23.02,12.72,23.02
1058,23.59,3.31,12.22,23.49
1059,24.14,0.29,15.7,23.83
1060,35.21,32.7,22.58,22.44
1061,15.94,9.51,22.8,25.32
1062,17.31,1.4,14.98,21.18
1063,22.6,4.42,14.9,22.57
1064,22.69,4.93,15.57,22.72
1065,22.11,22.1,12.39,22.12
1066,22.33,4.06,13.09,22.23
1067,21.5,3.3,15.35,21.12
1068,30.2,25.32,17.8,19.6
1069,14.88,12.48,23.8,24.6
1070,21.14,2.26,16.2,22.42
1071,22.69,22.67,11.83,22.66
1072,22.39,2.24,12.59,22.49
1073,22.64,1.37,14.79,22.62
1074,21.43,4.39,12.13,21.44
1075,21.05,6.1,13.7,21.05
1076,21.9,2.82,15.44,21.83
1077,23.19,22.98,11.82,22.95
1078,29.86,27.77,17.75,21.49
1079,15.63,2.76,21.74,24.3
1080,22.05,3.45,12.65,21.99
1081,20.94,7,13.74,20.63
1082,29.43,26.04,21.61,19.93
1083,13.7,5.08,20.18,23.56
1084,22.46,2.81,14.81,22.36
1085,21.72,2.58,14.53,21.81
1086,22.65,3.28,12.44,21.75
1087,19.58,5.69,13.84,20.3
1088,19.23,5.36,13.71,19.01
1089,32.3,27.6,21.41,20.07
1090,17.15,13.5,22.57,24.9
1091,16.26,4.08,16.35,21.05
1092,21.52,6.28,13.45,21.54
1093,21.09,6.14,15.1,21.15
1094,19.33,2.16,13.75,18.85
1095,31.58,27.54,21.3,18.31
1096,15.28,10.75,20.46,26.3
1097,17.7,1.8,15.07,20.19
1098,20.3,10.31,14.46,20.44
1099,20.99,7.05,17.29,21.06
1100,18.99,6.59,16.45,19.01
1101,18.81,5.36,12.68,18.72
1102,19.76,4.85,13.81,19.85
1103,19.91,3.34,13.91,19.89
1104,20.35,2.68,12.69,20.36
1105,21.22,5.36,14.43,21.22
1106,25.79,5.26,15.1,23.7
1107,19.79,7.05,24.99,21.87
1108,19.92,5.6,14.69,19.54
1109,20.94,10.41,15.62,21.3
1110,21.98,2.19,12.87,22.01
1111,22.68,8.15,13.34,22.67
1112,22.41,5.85,16.44,22.34
1113,22.39,6.62,13.67,22.4
1114,23.24,8.16,14.27,22.54
1115,27.11,27.43,21.69,20.81
1116,17.3,16.54,19.66,23.61
1117,22.74,8.07,18.54,23.5
1118,22.17,7.44,16.61,22.04
1119,23.02,6.74,15.2,22.04
1120,23.39,5.81,15.7,22.49
1121,30.55,28.74,21.2,20.73
1122,18.08,16.34,21.11,24.95
1123,20.15,8.8,18.78,23.71
1124,20.83,11.87,14.76,21.11
1125,22.94,7.59,17.95,22.96
1126,22.68,6.1,14.46,22.52
1127,21.7,15.38,14.05,21.84
1128,23.5,7.8,17.67,23.43
1129,22.76,7.22,17.56,22.73
1130,22.46,3.33,13.89,22.54
1131,22.92,7.33,13.06,22.96
1132,23.19,7.71,16.41,22.64
1133,34.15,34.05,23.62,21.03
1134,14.18,12.46,21.48,27.5
1135,21.53,5.36,16.65,21.74
1136,22.56,7.39,15.35,22.68
1137,22.92,8.91,16.46,22.91
1138,21.77,4.78,14.04,21.79
1139,22.77,7.38,14.27,22.76
1140,21.97,5.66,15.83,21.93
1141,21.78,4.48,13.21,21.82
1142,22.71,8.08,13.86,22.71
1143,22.64,4.79,16.77,22.19
1144,33.57,32.88,20.52,20.55
1145,20.28,19.7,25.13,27.66
1146,17.01,0.94,18.04,23.11
1147,23.3,9.14,14.63,23.02
1148,27.04,26.91,20.64,23.12
1149,17.95,5.13,18,21.93
1150,23.57,6.64,13.91,23.67
1151,23.27,6.61,14.45,23.4
1152,27.04,3.94,14.15,23.53
1153,22.01,9.96,15.87,25.3
1154,21.64,19.28,16.35,21.79
1155,23.2,8.98,20.2,23.2
1156,23.72,4.55,13.96,23.74
1157,23.2,2.77,13.27,22.84
1158,32.66,30.51,22.85,22.07
1159,15.08,12.65,21.74,26.04
1160,22.93,3.81,15.5,22.92
1161,23.66,2.95,14.04,23.71
1162,23.02,4.63,12.21,22.5
1163,31.68,31.58,20.79,21.72
1164,16.04,10.25,22.06,26.51
1165,24.04,4.81,18.44,23.98
1166,23.36,4.97,12.86,23.13
1167,29.01,27.22,20.43,22.85
1168,16.54,4.84,20.48,22.71
1169,23.17,15.1,16.11,23.39
1170,23.74,7.03,20.29,23.72
1171,23.87,2.32,13.18,22.74
1172,33.93,34.72,23.33,22.14
1173,18.23,17.95,19.8,27.24
1174,19.35,5.99,16.08,23.3
1175,23.85,8.29,14.86,23.67
1176,21.77,7.45,14.25,21.9
1177,23.01,7.17,14.42,23.01
1178,22.81,7.64,15.38,22.83
1179,22.71,6.84,14.94,22.15
1180,35.19,34.47,26.64,21.23
1181,17.32,17.6,21.48,27.25
1182,18.61,4.9,17.04,22.98
1183,22.84,8.38,13.38,23.04
1184,21.57,7.06,14.78,21.35
1185,21.53,19.97,16.15,21.71
1186,23.29,12.47,21.06,23.34
1187,21.98,5.64,13.79,21.67
1188,25.33,25.03,17.42,22.36
1189,19.9,9.44,18.57,23.13
1190,21.87,6.61,14.28,21.93
1191,22.95,7.17,14.47,22.96
1192,22.53,6.91,13.52,22.51
1193,22.19,7.6,12.73,22.19
1194,23.22,10.98,17.15,23.16
1195,23.27,8.67,16.31,23.33
1196,22.34,8.97,14.05,22.27
1197,23.81,7.52,17.86,23.87
1198,22.07,7.1,13.09,22.06
1199,22.83,6.69,15.82,22.81
1200,23.64,5.73,14.11,23.61
1201,22.55,7.92,13.59,22.47
1202,23.51,9.48,15.19,23.25
1203,28.75,28.8,17.79,21.73
1204,15.83,14.71,22.59,23.21
1205,23.22,6.15,16.8,23.22
1206,23.16,10.02,13.74,22.96
1207,25.52,25.3,18.8,21.66
1208,19.64,10.89,20.83,23.58
1209,23.6,10.59,14.38,23.74
1210,23.48,5.85,16.08,23.36
1211,24.22,10.32,14.28,24.35
1212,23.38,10.09,15.32,23.35
1213,23.77,3.7,14.57,23.75
1214,24.16,7.9,14.19,24.21
1215,23.94,6.45,15.63,23.53
1216,37.7,37.74,24.14,21.59
1217,14.09,12.86,17.8,30.55
1218,22.68,7.44,16.58,22.71
1219,23.54,11.17,15.57,23.55
1220,22.67,10.07,16.56,22.67
1221,22.55,7.63,15.21,22.52
1222,23.37,10.52,14.93,23.12
1223,24.67,24.2,16.67,22.01
1224,20.14,9.03,18.64,22.01
1225,22.83,10.15,15.73,22.75
1226,22.25,8.33,14.66,22.26
1227,23.16,10.53,15.6,23.15
1228,22.97,11.16,16.39,22.98
1229,23.3,8.46,14.94,23.26
1230,23.95,11.65,18.03,23.26
1231,23.12,9.51,15.17,23.99
1232,22.17,9.51,15.37,21.98
1233,23.77,9.65,15.79,23.74
1234,22.51,9.9,14.75,22.58
1235,22.78,8.55,15.1,22.74
1236,22.58,10.87,14.69,22.58
1237,22.14,7.3,15.13,21.67
1238,50.34,50.31,41.82,21.77
1239,16.8,15.75,19.18,39.11
1240,17.74,7.88,16.24,39.11
1241,23.08,7.72,15.21,22.94
1242,20.85,19.35,16.67,21.06
1243,23.6,14.36,18.86,23.61
1244,22.86,10.48,16.3,22.53
1245,21.9,18.37,16.01,22.53
1246,22.11,11.28,20.31,22.22
1247,22.32,8.63,14.73,22.34
1248,21.67,6.33,13.85,21.7
1249,23.24,11.99,15.72,23.03
1250,23.55,9.74,16,23.37
1251,37.54,37.56,22.18,21.34
1252,19.87,19.64,23.82,29.97
1253,17.29,5.53,17.6,23.5
1254,27.61,27.09,18.23,23.69
1255,20.41,8.48,22.29,24.59
1256,24.22,6.69,16.01,23.37
1257,30.18,30.13,18.81,23.93
1258,16.98,10.09,20.69,24.05
1259,23.88,3.43,13.49,23.68
1260,23.97,7.43,15.26,24.18
1261,23.27,4.31,13.7,22.83
1262,36.37,36.21,20.65,24.26
1263,22.99,20.56,27.63,30.03
1264,21.72,22.5,21.72,27.02
1265,25.56,14.08,18.93,25.75
1266,26.19,6.93,21.48,26.13
1267,25.59,8.09,18.9,25.65
1268,26.35,9.99,19.13,26.37
1269,26.46,10.23,16.72,26.42
1270,25.62,6.62,16.53,25.64
1271,25.9,7.8,18.92,25.88
1272,34.13,10.92,15.73,27.46
1273,56.66,5.51,29.51,29.07
1274,25.01,31.71,20.17,26.94
1275,23.02,22.02,17.39,41.78
1276,17.05,10.19,17.4,30.42
1277,24.42,4.49,15.19,24.43
1278,22.39,5.97,14.87,22.51
1279,24.24,7.65,15.38,24.3
1280,21.96,7.51,15.78,21.85
1281,21.95,8.06,14.78,21.54
1282,30.25,28.06,23.41,21.04
1283,13.61,6.08,18.42,23.34
1284,22.02,3.15,14.98,21.99
1285,22.74,0.75,12.99,22.77
1286,22.13,5.63,15.52,21.68
1287,26.28,25.99,18,21.28
1288,17.21,7.45,20.05,22.64
1289,22.36,3.86,15.86,22.13
1290,27.43,22.22,18.11,21.53
1291,16.89,5.85,20.99,23.07
1292,21.96,6.76,15.33,21.88
1293,22.79,5.61,15.8,22.43
1294,31.41,29.92,21.3,21.45
1295,14.32,6,21.36,24.7
1296,22.95,5.41,16.81,22.94
1297,21.97,7.48,14.13,21.75
1298,21.7,16.29,18.36,21.71
1299,23.75,8.08,18.1,23.94
1300,40.4,4.89,15.37,22.6
1301,26.16,32.6,24.08,21.6
1302,20.32,17.97,22.4,29.85
1303,11.71,1.18,10.13,24.25
1304,23.51,7.82,16.6,23.8
1305,22.73,5.6,16.3,22.69
1306,23.3,2.3,13.57,22.88
1307,31.17,30.13,21.27,22.3
1308,14.84,4.41,20.26,23.85
1309,22.01,18.5,15.19,22.24
1310,23.1,4.79,19.17,22.98
1311,22.51,4.12,15.34,22.41
1312,22.31,18.51,15.85,22.6
1313,24.69,9.09,21.6,24.55
1314,22.93,3.33,15.23,23.09
1315,24.67,7.46,15.18,24.55
1316,24.57,5.02,15.5,24.1
1317,33.44,31.8,24.84,22.68
1318,14.37,12.92,20.01,25.52
1319,22.82,4.9,17.06,22.99
1320,23.8,5.83,15.38,23.81
1321,24.42,9.61,13.88,24.44
1322,24.87,4.21,15.07,24.3
1323,35.25,35.38,25.91,22.86
1324,15.35,6.59,20.65,28.27
1325,23.74,3.38,14.1,23.74
1326,24.48,7.01,15.77,24.45
1327,24.31,4.65,14.29,23.89
1328,35.52,34.24,26.69,22.81
1329,15.92,9.82,21.07,27.31
1330,21.83,7.34,17.31,23.6
1331,24.44,4.33,13.98,24.44
1332,23.88,7.6,13.74,23.89
1333,24.36,5.5,16.93,24.19
1334,47.55,24.3,15.74,25.95
1335,24.35,2.97,27.57,30.96
1336,17.41,14.87,14.47,30.96
1337,18.57,7.29,15.97,23.69
1338,24.15,6.97,15.76,23.9
1339,23.28,5.13,14.22,23.45
1340,23.88,5.38,16.97,23.51
1341,36.34,36.34,22.15,22.44
1342,15.14,6.81,18.34,22.44
1343,24.05,9.55,14.58,23.92
1344,23.39,19.19,18.49,23.55
1345,23.32,3.96,16.45,23.32
1346,24.79,7.84,13.08,24.77
1347,24.13,8.58,17.04,24.13
1348,23.74,7.17,13.47,23.68
1349,24.92,9.27,17.18,24.89
1350,23.24,4.35,13.26,23.31
1351,23.62,7.94,14.29,23.6
1352,23.68,9.9,16.18,23.76
1353,23.24,8.53,14.75,22.76
1354,34.84,34.42,29.74,22.34
1355,15.89,14.28,19.1,28.84
1356,22.11,5.77,16.41,22.07
1357,23.09,7.93,14.78,23.14
1358,22.9,7.08,16.16,22.58
1359,23.84,18.44,17.12,22.83
1360,22,11.58,21.86,23.33
1361,22.38,5.68,15.86,22.1
1362,23.28,19.48,16.55,23.5
1363,23.87,9.85,20.55,23.81
1364,22.1,3.7,15.56,22.21
1365,23.42,6.92,13.69,23.41
1366,24.05,8.77,15.26,23.78
1367,27.46,23.26,18.08,21.63
1368,17.08,10.4,23.75,23.16
1369,23.85,6.18,15.84,23.86
1370,23.45,3.19,13.62,23.45
1371,23.77,5.54,14.77,23.61
1372,22.8,4.34,14.26,22.98
1373,23.18,6.1,14.28,22.87
1374,26.44,24.11,19.55,23.88
1375,20.06,3.59,20.27,22.64
1376,22.71,19.15,17.53,22.98
1377,23.8,4.93,16.6,23.76
1378,22.27,7.43,14.02,22.28
1379,22.91,10.57,15.12,22.75
1380,23.09,10.82,15.45,23.22
1381,22.74,7.73,16.8,22.26
1382,35.83,35.92,29.29,22.49
1383,15.39,8.71,18.65,29.23
1384,22.97,10.66,15.66,22.98
1385,22.71,8.2,15.69,22.75
1386,23.42,4.65,16.08,23.39
1387,22.67,7.89,13.23,22.67
1388,23.37,8.68,14.8,22.85
1389,30.47,29.26,23.73,22.92
1390,16.32,13.79,21.67,24.42
1391,24.04,7.97,19.1,24.02
1392,24.18,4.25,14.72,23.94
1393,25.71,6.49,15.85,25.93
1394,24.85,2.28,13.59,24.4
1395,37.55,37.54,25.3,22.73
1396,14.97,12.32,23.18,30.23
1397,25.17,6,17.37,24.95
1398,24.1,6.44,14.71,24.34
1399,24.27,6.62,16.08,24.11
1400,23.94,4.55,14.49,23.51
1401,31.63,29.9,22.89,23.76
1402,15.06,5.13,18.73,23.38
1403,24.15,7.76,15.73,24.27
1404,24,9.29,17.93,24.04
1405,24.6,8.42,15.86,24.46
1406,25.83,6.39,16.74,25.36
1407,28.14,25.81,19.2,23.13
1408,17.94,6.4,21,23.53
1409,24.47,2.02,14.14,24.39
1410,24.11,4.19,15.7,23.64
1411,32.88,32.7,21.47,22.72
1412,16.18,14.07,22.87,26.73
1413,25.41,4.75,17.59,25.11
1414,24.4,4.67,14.55,24.78
1415,24.27,3.6,15.7,24.21
1416,24.47,6.45,14.45,24.57
1417,25.69,5.55,16.59,25.29
1418,35.36,34.63,21.47,21.98
1419,21.14,20.51,26.33,27.88
1420,18.43,3.87,20.51,25.29
1421,24.59,6.01,14.28,24.44
1422,23.89,8.37,16.73,24.44
1423,23.77,5.65,15.84,23.33
1424,31.65,30.49,21.07,22.82
1425,14.53,7.98,20.98,23.83
1426,24.36,3.92,15.56,24.11
1427,23.77,23.43,16.2,24.11
1428,21.92,11.64,21.44,23.26
1429,22.11,6.98,14.12,22.14
1430,23.72,6.33,14.06,23.27
1431,28.34,26.01,20.43,21.82
1432,18.72,14.41,21.81,23.08
1433,20.64,6.28,19.65,23.26
1434,23.01,3.56,13.85,22.62
1435,34.86,34.46,22.28,22.11
1436,14.01,12.12,21.82,27.16
1437,23.16,2.1,15.75,23.17
1438,23.45,5.44,13.92,23.42
1439,22.8,4.02,13.77,22.38
1440,30.74,30.75,19.9,21.72
1441,14.98,13.89,20.67,24.32
1442,22.26,4.96,16.84,22.34
1443,22.57,8.23,14.44,22.46
1444,23.6,9,18.2,23.55
1445,22.4,3.64,14.2,21.99
1446,35.3,35.52,23,21.03
1447,15.64,14.3,22.36,28.71
1448,21.71,6.56,17.21,23.5
1449,25.04,3.46,15.15,24.95
1450,24.79,5.37,13.97,24.47
1451,33.34,33.07,20.24,22.49
1452,15.72,7.97,24.7,26.73
1453,22.31,16.61,15.38,22.53
1454,24.86,7.47,18.55,24.45
1455,31.28,30.78,23.35,23.63
1456,16.89,6.28,20.97,24.99
1457,24.82,6.62,18.56,24.76
1458,24.02,4.54,14.25,24.07
1459,21.5,5.21,14.26,21.44
1460,22.38,8.44,14.12,22.42
1461,21.39,7.87,13.27,20.96
1462,33.65,33.68,26.12,19.36
1463,18.26,12.44,20.64,27.38
1464,15.39,7.02,15.67,21.03
1465,22.91,10.26,13.6,22.59
1466,22.1,9.66,18.98,22.29
1467,20.82,6.44,13.01,20.82
1468,21.38,10.68,14.69,21.45
1469,22.07,9.14,16.86,21.88
1470,27.06,26.88,17.54,20.11
1471,14.59,10.35,20.51,20.11
1472,22.1,7.27,15.99,21.9
1473,19.83,14.16,14.47,19.99
1474,21.08,4.41,16.45,20.97
1475,20.97,8.09,14.32,21.08
1476,20.78,5.28,16.57,20.71
1477,21.46,8.95,14.27,21.53
1478,21.13,7.88,13.64,20.68
1479,29.46,27.55,21.48,19.33
1480,17.37,13.51,20.51,22.58
1481,17.99,12.15,16.67,23.38
1482,26.34,1.17,15.05,22.93
1483,20.94,17.08,13.99,22.93
1484,22.76,11.9,16.11,22.88
1485,22.86,6.56,18.21,22.88
1486,23.3,11.4,22.31,23.09
1487,20.89,8.78,15.1,20.81
1488,20.38,7.43,15.04,20.54
1489,21.63,11.93,16.51,21.65
1490,24.74,5.46,14.95,22.05
1491,27.75,29.03,18.92,19.56
1492,17.77,16.08,20.48,24.01
1493,16.57,4.82,18,21.29
1494,20.91,6.56,13.61,20.91
1495,21.1,7,14.86,21.1
1496,21.22,6.94,16,20.97
1497,24.89,24.41,15.45,20.97
1498,16.46,9.22,21.19,21.91
1499,21.87,7.05,17.15,21.57
1500,19.9,10.93,14.89,20.24
1501,21.8,5.07,17.05,21.62
1502,23.46,21.99,16.75,21.58
1503,26.4,26.95,20.4,24.07
1504,18.81,17.51,16.29,23.21
1505,21.82,7.97,18.34,23.21
1506,21.47,5.27,14.9,21.44
1507,21.23,3.59,12.36,21.21
1508,20.64,4.49,12.92,20.48
1509,29.8,29.68,16.82,20.47
1510,18.37,17.61,19.87,24.39
1511,18.07,3.35,18.42,24.39
1512,27.08,26.32,17.84,21.37
1513,16.7,4.19,21.04,22.41
1514,21.13,5.99,15.16,20.89
1515,25.4,25.09,15.94,20.93
1516,17.51,12.8,22.15,22.21
1517,21.84,6.44,15.51,21.85
1518,22.3,7.38,12.95,22.29
1519,22.35,7.53,17.19,21.9
1520,26.48,26.46,18.16,19.98
1521,18.75,16.31,20.02,22.75
1522,19.5,9.32,20.8,22.43
1523,21.45,4.01,13.58,21.49
1524,22.61,8.23,14.02,22.61
1525,23.03,6.76,17.69,22.98
1526,21.98,3.6,14,21.58
1527,31.78,31.82,21.38,20.57
1528,13.62,5.56,21.11,24.82
1529,20.24,5.1,14.48,20.68
1530,22.01,5.59,14.82,22.02
1531,22.19,7.26,15.77,22.2
1532,21.8,6.25,13.58,21.75
1533,22.92,7.34,17,22.59
1534,44.59,30.37,22.87,20.43
1535,16.22,16.87,18.74,25.5
1536,16.09,8.35,10.89,25.08
1537,15.43,6.21,17.04,21.68
1538,21.89,3.89,11.9,21.9
1539,22.18,7.42,12.86,21.88
1540,23.23,21.06,20.03,20.7
1541,18.73,2.33,17.39,21.5
1542,21.92,9.24,13.02,21.93
1543,21.25,5.42,16.3,21.29
1544,23,7.57,14.28,22.5
1545,36.86,37.01,25.57,19.91
1546,16.16,13.7,19.23,30.8
1547,20.47,7.93,16.3,23.06
1548,21.7,15.06,16.89,21.8
1549,21.63,4.43,15.61,21.69
1550,23.02,7.02,14.07,23.01
1551,22.91,7.37,15.69,22.93
1552,22.67,3.42,13.03,22.54
1553,22.79,6.94,12.81,22.83
1554,22.55,5.74,15.88,22.22
1555,33.76,33.44,19.99,20.85
1556,18.92,18.5,24.91,26.46
1557,17.34,6.73,18.58,23
1558,23.61,9.79,14.23,23.6
1559,23.96,8.62,18.25,23.22
1560,19.96,19.79,14.73,23.22
1561,21.02,5.94,18.21,20.77
1562,22,6.53,16.75,22.2
1563,20.99,3.65,14.49,20.98
1564,21.62,7.08,13.22,21.59
1565,22.05,9.72,14.64,21.9
1566,21.34,9.06,16.15,21.45
1567,22.4,9.29,13.73,22.14
1568,21.58,9.08,14.26,21.82
1569,21.61,7.89,15.89,21.69
1570,23.42,11.37,15.43,23.36
1571,24.25,10.77,18.47,24.3
1572,24.84,7.79,17.91,24.8
1573,24.22,9.31,16.35,24.17
1574,25.09,9.67,18.59,24.85
1575,23.31,7.15,16.92,23.51
1576,24.17,8.7,18.16,24.28
1577,23,7.01,16.6,23
1578,23.64,8.91,17.45,23.57
1579,23.46,7.16,16.04,23.52
1580,21.07,5.31,15.84,21.06
1581,21.79,4.32,14.35,21.65
1582,20.26,5.24,12.99,20.25
1583,23.79,10.94,15.8,23.9
1584,23.78,10.5,17.97,23.8
1585,22.49,7.76,17.76,22.52
1586,24.59,6.76,17,24.49
1587,23.49,13.26,20.19,23.53
1588,22.43,10.23,17.47,22.32
1589,23.64,10.46,17.5,23.54
1590,23.09,2.7,16.84,23.18
1591,23.48,7.86,19.93,23.52
1592,23.88,8.5,16.68,23.8
1593,22.65,9.42,15.97,22.05
1594,23.71,16.54,19.81,21.22
1595,19.12,8.13,18.84,22.17
1596,21.13,2.2,12.85,21.19
1597,21.55,4.89,12.97,21.57
1598,22.23,7.48,15.61,22.23
1599,21.58,3.91,14.76,21.42
1600,21.11,4.24,12.28,20.77
1601,30.49,27.94,21.64,20.54
1602,12.15,5.1,19.59,22.46
1603,20.19,5.63,14.55,20.28
1604,22.31,8.8,15.73,22.3
1605,22.53,9.85,17.67,22.58
1606,22.66,2.63,13.52,22.66
1607,22.57,2.34,12.59,22.59
1608,22.42,5.17,14.79,22.16
1609,26.05,24.65,15.17,21.04
1610,16.92,6.28,22.75,22.18
1611,22.01,4.64,15.6,21.94
1612,22.45,3.16,13.02,22.37
1613,21.77,6.02,13.41,21.7
1614,21.97,6.65,16.19,22.14
1615,22.58,5.73,14.02,22.25
1616,40.72,32.19,41.25,21.13
1617,18.26,17.76,16.89,26.8
1618,12.93,3.4,12.76,23.04
1619,21.51,6.17,15.13,22.8
1620,22.45,0.73,12.54,21.75
1621,33.51,31.94,22.29,20.87
1622,14.76,9.26,21.56,26.62
1623,21.79,0.14,15.31,23.1
1624,23.25,3.8,12.65,23.35
1625,22.56,0.63,14.47,22.34
1626,31.08,30.8,19.79,21.25
1627,14.51,8.45,20.9,24.6
1628,21.61,2.97,16.44,21.64
1629,22.83,6.97,13.69,22.36
1630,22.65,20.74,19.61,22.4
1631,20.42,5.04,18.74,20.89
1632,22,19.04,14.41,22.25
1633,23.02,5.22,20.64,22.77
1634,21.27,13.45,16.93,21.41
1635,23.87,3.58,17.18,23.94
1636,23.88,8.35,17.63,23.94
1637,22.3,1.94,14.62,23.65
1638,22.43,5.1,13.79,22.19
1639,22.85,5.04,14.64,22.81
1640,21.47,4.4,13.68,21.49
1641,22.48,7.12,13.37,22.49
1642,21.77,6.66,15.58,21.71
1643,21.36,3.89,12.8,21.32
1644,21.95,6.99,13.11,21.81
1645,25.34,24.04,18.66,20.3
1646,16.56,3.79,19.67,21.61
1647,22.68,8.91,14.67,22.86
1648,23.46,5.35,16.77,23.48
1649,22.34,4.48,13.13,22.31
1650,23.04,5.29,13.42,23.1
1651,22.26,4.54,15.97,22.18
1652,23.46,5.6,13.7,23.03
1653,33.86,32.28,25.12,21.98
1654,13.82,10.88,20.57,25.27
1655,22.55,6.92,16.62,23.29
1656,23.28,9.86,16.79,23.25
1657,24,17.46,17.67,24.01
1658,25.65,7,22,25.58
1659,23.47,9.58,16.83,23.72
1660,25.67,4.1,14.75,24.09
1661,31.69,31.12,23.55,23.96
1662,16.74,3.9,21.25,25.63
1663,23.94,12.61,16.81,24.38
1664,24.36,7.39,16.26,24.33
1665,25.76,6.08,17.01,25.71
1666,24.42,7.73,13.99,24.51
1667,24.15,4.84,16.2,24.51
1668,24.75,7.7,13.59,24.53
1669,24.9,7.1,19.28,25.04
1670,24.79,3.57,13.54,24.76
1671,25.68,9.47,16.71,25.65
1672,24.82,3.9,15.2,24.82
1673,24.9,6.06,15.98,24.91
1674,24.99,6.42,13.31,24.59
1675,34.17,32.04,24.63,22.56
1676,18.6,12.14,23.65,26.85
1677,21.92,7.71,19,25.72
1678,24.71,7.56,14.68,24.55
1679,25.2,8.01,18.85,24.55
1680,25.98,22.47,18.6,22.78
1681,20.77,9.22,22.83,23.97
1682,25.38,5.01,14.89,24.87
1683,31.21,31.33,21.38,22.68
1684,16.92,10.69,21.11,25.67
1685,29.47,22.38,18.54,23.97
1686,22.85,6.08,21.76,28.59
1687,27.55,8.6,16.37,28.59
1688,25.1,4.46,15.77,25.11
1689,24.3,10.74,17.58,24.29
1690,24.07,2.11,16.21,23.82
1691,31.45,29.95,20.19,23.93
1692,17.96,7.24,22.92,25.78
1693,24.68,9.15,18.16,24.57
1694,24.13,9.34,16.21,24.15
1695,23.98,9.51,16.54,23.59
1696,30.33,30.36,20.76,22.44
1697,17.7,8.12,23.15,25.8
1698,22.02,16.83,18.43,22.26
1699,23.78,6.23,16.52,23.75
1700,23.9,8.55,15.62,23.96
1701,22.92,2.95,15.06,22.93
1702,25.09,8.94,14.51,25.02
1703,24.44,2.97,16.55,24.01
1704,36.89,36.92,21.78,21.41
1705,18.02,17.57,25.12,29.25
1706,18.79,4.42,17.75,23.51
1707,24.71,6.33,14.72,24.54
1708,24.9,8.15,16,25
1709,23.5,5.85,16.31,23.51
1710,23.61,8.84,14.9,23.69
1711,22.85,8.66,15.98,22.77
1712,23.97,6.29,14.59,24.04
1713,23.69,7.28,15.38,24.04
1714,33.16,33.02,24.89,21.9
1715,16.39,16.18,21.56,27.99
1716,25.01,9.01,18,24.81
1717,22.08,15.95,16.82,22.17
1718,24.96,9.89,19.17,25.1
1719,23.89,5.18,14.29,23.58
1720,38.49,34.2,19.32,23.09
1721,23.41,27.29,29.63,27.53
1722,16.8,5.34,14.79,28.16
1723,26.03,7.94,14.74,26.22
1724,24.84,6.01,16.03,24.85
1725,24.51,6.52,13.91,24.5
1726,25.54,9.14,15.63,25.55
1727,26,6.45,14.82,25.49
1728,36.93,36.81,27.87,23.94
1729,15.13,10.39,21.02,23.94
1730,25.03,11.47,16.22,25.1
1731,25.62,7.16,16.2,25.41
1732,22.55,17.67,16.75,22.54
1733,24.56,23.86,20.84,24.6
1734,25.75,7.97,19.83,24.6
1735,24.74,5.54,13.61,25.85
1736,24.57,3.67,14.12,24.4
1737,23.65,7.91,15.29,23.65
1738,25.75,8.96,16.74,25.09
1739,37.08,37.08,26.99,22.43
1740,18.62,17.27,21.63,29.9
1741,21.73,11.78,21.2,25.63
1742,23.67,8.3,15,23.52
1743,24.09,15.94,18.24,23.52
1744,23.63,21.57,19.42,23.99
1745,22.72,6.21,15.67,22.74
1746,25.55,8.43,15.91,25.22
1747,23.67,23.3,17.23,23.11
1748,22.53,8.19,19.41,23.4
1749,24.55,4.66,13.4,23.79
1750,21.63,13.27,17.59,22.38
1751,23.6,6.19,16.82,23.34
1752,22.15,18.16,15.58,22.4
1753,23.14,7.66,20.27,22.87
1754,23.14,19.22,17.97,23.28
1755,23.82,10.05,18.03,23.91
1756,23.79,7.13,15.75,23.8
1757,24.38,5.68,16.34,24.42
1758,23.93,6.56,14.66,23.49
1759,36.21,34.89,22.18,21.55
1760,20.07,19.33,26.29,28.05
1761,15.01,5.07,18.62,22.1
1762,23.72,8.73,13.91,23.18
1763,26.97,26.98,20.93,22.99
1764,18.33,5.23,18.69,22.57
1765,22.76,19.43,17.64,23.05
1766,24.31,8.76,19.68,24.25
1767,23.33,6.32,13.84,23.41
1768,24.32,11.45,16.51,24.28
1769,23.33,9.64,14.99,22.78
1770,39.16,36.35,24.44,23.15
1771,21.52,17.08,24.46,30.25
1772,17.69,7.92,18.94,25.23
1773,23.41,15.71,15.09,23.65
1774,24.1,7.37,20.42,24.16
1775,23.63,3.68,13.12,23.64
1776,27.15,9.51,15.75,25.72
1777,22.23,21.85,20.17,23.46
1778,24.4,6.39,18.85,24.57
1779,24.52,5.97,14.94,24.54
1780,24.26,5.8,14.26,23.9
1781,34.53,32.83,23.86,23.31
1782,15.5,5.91,24.1,27.06
1783,25.96,8.69,15.99,25.75
1784,23.4,17.53,20.17,23.55
1785,24.62,3.78,18.67,24.14
1786,33.38,33.31,21.88,23.12
1787,15.78,3.69,20.45,26.59
1788,23.86,4.04,13.35,23.88
1789,24.77,7.18,15.49,24.75
1790,26.86,22.98,15.9,26.85
1791,26.7,8.35,25.54,26.22
1792,23.38,16.93,18.41,23.73
1793,23.81,6.26,17.72,23.94
1794,23.78,8.37,15.28,23.76
1795,23.33,5.44,16.31,23.34
1796,23.66,5.86,12.9,23.54
1797,23.81,8.2,15.99,23.88
1798,23.13,4.86,15.4,23.13
1799,23.54,6.66,13.09,23.59
1800,24.28,8.91,17.9,24.28
1801,23.07,2.81,14.85,23.06
1802,23.8,6.54,15.17,23.77
1803,23.08,5.45,13.11,23.02
1804,22.78,6.62,13.72,22.82
1805,24.28,5.72,17.61,24.11
1806,26,12.46,20.67,26.16
1807,23.78,6.95,16.07,23.84
1808,24.49,7.4,15.51,24.05
1809,34.65,34.69,24.32,21.54
1810,18.93,18.63,20.54,27.88
1811,18.79,3.81,15.62,23.37
1812,23.65,1.66,12.69,23.69
1813,23.68,5.76,13.47,23.67
1814,23.42,6.83,16.49,23.39
1815,23.87,9.08,13.39,23.49
1816,30.24,29.92,24.35,22.86
1817,17.13,13.49,18.64,24.91
1818,23.56,9.12,17.62,24.91
1819,25.35,24.02,19.39,23.9
1820,20.26,5.59,17.82,21.93
1821,23.12,7.65,15.03,22.92
1822,21.58,17.25,15.2,21.69
1823,22.22,10.37,17.68,22.31
1824,23.32,11.52,16.25,23.27
1825,22.44,10.01,15.96,22.49
1826,23.98,7.42,14.59,23.52
1827,30.82,30.8,22.75,22.11
1828,15.62,7.88,20.4,24.72
1829,24.23,8.5,15.34,24.26
1830,22.82,10.89,15.22,22.79
1831,23.13,9.78,14.22,22.72
1832,36.48,36.12,24.02,23.22
1833,17.29,16.58,21.18,28.16
1834,23.34,15.8,15.93,26.14
1835,27.72,18.88,22.78,27.73
1836,27.42,9.43,16.61,27.43
1837,27.87,10.95,19.03,27.89
1838,27.25,10.38,18.77,27.26
1839,28.1,10.97,17.44,28.08
1840,26.46,14.21,18.41,26.43
1841,27.45,12.05,15.98,27.2
1842,26.63,9.39,19.55,26.7
1843,23.03,17.06,18.37,23
1844,25.25,9.99,17.87,25.48
1845,40.37,14.48,17.97,28.51
1846,20.52,14.63,16.98,29.23
1847,22.31,5.72,18,25.15
1848,24.36,18.04,17.08,23.76
1849,23.58,4.37,18.63,24.32
1850,22.69,18.71,17.64,22.79
1851,24.85,8.97,17.83,24.22
1852,23,22.66,17.95,23.47
1853,23.72,7.93,21.18,23.95
1854,25.19,5.21,15.11,25.23
1855,24.87,7.95,16.85,24.85
1856,23.86,6.24,13.49,23.87
1857,25.06,6.15,15.78,25.04
1858,24.15,5.49,13.06,23.79
1859,33.77,33.54,21.11,23.04
1860,16.3,9.01,21.97,27.31
1861,23.5,7.34,14.16,23.57
1862,24.52,8.31,16.5,24.52
1863,23.97,7.6,14.44,23.99
1864,24.28,6.38,15.38,24.18
1865,24.34,5.09,13.31,24
1866,31.13,30.99,22.34,22.57
1867,16.92,10.44,21.51,25.63
1868,23.57,22.93,19.23,23.85
1869,23.44,4.27,16.88,23.16
1870,22.85,21.06,17.99,22.89
1871,22.98,11.86,19.88,23.19
1872,22.33,10.01,14.63,22.1
1873,23.07,17.54,18.27,23.32
1874,22.91,11.26,18.85,22.92
1875,23.73,11.99,14.94,23.68
1876,24.75,12.25,19.27,24.5
1877,23.27,10.86,15.59,23.09
1878,35.92,34.33,27.15,21.98
1879,16.22,13.16,21.3,27.96
1880,21.58,6.08,17.53,24.12
1881,23.93,7.77,14.09,24.01
1882,23.33,6.93,14.63,23.31
1883,23.97,9.27,16.03,24
1884,24.18,9.62,14.6,24.19
1885,24.5,7.97,17.18,23.94
1886,34.49,34.67,23.85,22.49
1887,14.83,10.99,19.34,27.22
1888,23.1,5.48,16.42,23.3
1889,24.15,9.13,14.18,24.14
1890,22.77,4.98,14.83,22.78
1891,23.64,7.32,13.41,23.63
1892,24.24,9.46,15.65,23.82
1893,37.29,37.17,22.61,21.47
1894,21.47,20.59,24.15,31.27
1895,23.79,11.37,25.87,25.43
1896,19.42,6.2,17.18,23.94
1897,24.01,8.64,13.79,24.1
1898,23.2,6.48,15.57,23.05
1899,29.08,28.75,17.08,22.43
1900,16.27,6.85,22.8,23.26
1901,24.14,8.64,15.39,23.86
1902,26.82,26.01,17.1,23.36
1903,20.46,6.19,19.64,23.71
1904,21.74,17.62,15.72,22.15
1905,23.86,9.12,19.94,23.87
1906,22.78,6.2,16.01,22.79
1907,23.58,6.69,13.14,23.14
1908,31.22,30.48,25.25,22.17
1909,18.94,19.21,17.86,24.26
1910,19.59,6.49,13.88,23.64
1911,23.3,6.89,16.41,23.44
1912,21.98,7.35,15.56,21.75
1913,27.9,27.61,18.53,22.25
1914,17.35,7.04,21.05,23.21
1915,22.54,7.04,14.54,22.52
1916,23.61,7.41,16.53,23.65
1917,22.73,4.31,13.31,22.45
1918,25.19,16.18,17.05,22.21
1919,20.16,10.11,21.77,23.37
1920,21.47,4.81,13.54,21.52
1921,22.54,8.93,13.69,22.49
1922,22.57,11.26,16.14,22.61
1923,21.97,6.63,15.15,21.91
1924,22.67,5.49,14.82,22.74
1925,30.17,10.86,15.58,25.65
1926,19.96,9.11,19,24.43
1927,24.77,9.64,16.05,24.48
1928,23.31,7.21,15.91,23.41
1929,30.38,29.97,19.61,21.81
1930,18.81,18.19,22.28,24.7
1931,19.49,5.09,17.97,22.34
1932,23.08,7.4,14.21,23.06
1933,23.68,7.08,14.2,23.63
1934,23.26,4.59,16.21,23.24
1935,24.14,7.78,13.81,24.31
1936,25.93,7.63,17.38,25.87
1937,24.32,6.91,18.59,25.87
1938,25.89,8.79,15.16,24.32
1939,23.43,7.37,15.68,23.6
1940,24.61,9.81,16.19,24.55
1941,23.59,5.27,14.84,23.62
1942,23.14,6.99,14.73,22.77
1943,32.54,31.96,24.14,22.79
1944,18.86,19.05,20.77,24.09
1945,18.52,5.55,17.9,23.03
1946,25.27,24.17,15.98,23.06
1947,20.29,6.67,18.2,22.88
1948,23,7.52,15.74,22.99
1949,23.33,7.25,14.01,23.08
1950,22.48,17.08,17.7,22.67
1951,32.41,5.7,19,25.78
1952,21.86,14.5,16.86,28.26
1953,22.64,20.26,16.56,22.5
1954,25.27,7.18,20.85,25.7
1955,23.86,3.76,12.86,23.45
1956,27.13,22.91,18.85,23.43
1957,20.7,7.91,21.48,24.55
1958,24.26,23.93,16.23,24.26
1959,37.27,3.14,32.09,31.5
1960,19.15,8.97,21.22,24.92
1961,24.78,18.49,15.73,24.73
1962,23.31,20.9,20.88,23.61
1963,23.7,5.67,16.1,23.66
1964,24.41,8.78,13.74,24.44
1965,25.54,10.04,17.06,25.38
1966,24.12,8.11,14.66,23.77
1967,37.98,33.5,31.81,22.6
1968,18.93,20.22,20.68,25.94
1969,15.44,7.08,16.65,24.33
1970,22.36,10.38,14.44,22.36
1971,30.66,5.19,15.52,22.89
1972,15.69,10.93,11.98,23.42
1973,24.54,8.5,14.34,23.12
1974,53.78,20.13,21.63,25.77
1975,24.16,20.13,27.8,25.77
1976,27.37,33.05,19.91,25.87
1977,22.57,20.43,20.33,40.48
1978,17.31,10.61,18.38,32.39
1979,27.02,9.48,22.01,26.39
1980,21.76,13.17,15.55,26.39
1981,23.31,7.06,18.01,23.25
1982,23.33,5.93,15.12,23.12
1983,22.34,4.2,13.82,22.54
1984,23.01,6.55,14.94,22.89
1985,23.1,5.69,15.5,23.12
1986,22.08,6.17,13.5,22.13
1987,22.64,8.22,14.54,22.69
1988,23.14,5.8,15.04,22.62
1989,33.23,32.85,26.49,20.24
1990,19.09,16.82,20.16,27.88
1991,18.1,8.25,18.08,22.82
1992,21.69,8.19,15.69,21.5
1993,23.05,11.02,16.27,23.21
1994,22.67,8.09,16.14,22.45
1995,22.2,18.82,17.54,22.23
1996,23.15,6.49,20.37,23.03
1997,21.68,20.13,16.66,22.02
1998,22.8,5.57,18.97,22.78
1999,23.37,4.72,14.08,23.22
2000,22.63,6.49,13.32,22.33
2001,31.14,31.08,21.75,22.2
2002,16.78,15.87,20.74,26.22
2003,23.79,11.22,19.24,23.74
2004,23.22,9.53,14.43,23.23
2005,23.83,6.99,16.69,23.79
2006,22.85,4.76,14.74,22.86
2007,23.82,7.76,14.79,23.4
2008,28.02,27.64,21.07,21.78
2009,16.39,10.21,17.46,23.06
2010,22.69,8.37,16.75,22.7
2011,22.49,6.78,16.46,22.47
2012,22.62,5.31,13.32,22.52
2013,23.01,7.25,14.33,22.63
2014,31.46,30.66,23.77,21.06
2015,18.94,15.15,22.59,26.44
2016,20.17,10.36,19.4,23.31
2017,21.53,18.77,17.1,21.79
2018,22.14,8.04,18.86,21.91
2019,27.18,26.64,19.63,21.9
2020,16.28,3.73,17.26,21.79
2021,23.37,8.56,14.59,23.35
2022,23.54,6.86,15.57,22.96
2023,30.02,27.53,19.35,21.18
2024,14.65,13.19,21.66,24.02
2025,22,7.19,17.5,21.92
2026,21.16,2.85,13.62,21.28
2027,22.39,6.65,13.84,22.42
2028,21.63,5.19,14.3,21.6
2029,22.07,3.11,13.5,21.87
2030,22.09,21.31,14.93,22.27
2031,22.29,6.52,21.21,22.2
2032,22.23,3.27,13.07,22.32
2033,22.14,5.57,12.97,22.1
2034,22.57,8.27,15.14,22.6
2035,22.7,6.36,14.23,22.6
2036,23.58,7.94,13.98,23.71
2037,22.05,5.74,14.97,22.05
2038,23.63,6.48,14.2,23.33
2039,22.38,6.74,17.29,22.66
2040,22.08,5.42,13.84,21.57
2041,42.34,34.5,38.15,20.61
2042,16.83,22.69,19.72,28.26
2043,17.64,18.17,10.45,23.44
2044,16.44,11.08,19.3,21.46
2045,20.55,8,17.14,20.41
2046,19.79,6.62,13.67,19.89
2047,20.87,10.81,13.16,20.85
2048,21.97,14.27,17.54,21.97
2049,20.7,8.06,15.5,20.74
2050,21.55,5.78,12.98,21.35
2051,20.03,8.43,12.5,20.25
2052,20.94,7.22,14.47,20.92
2053,21.52,7.03,14.68,21.51
2054,20.47,7.91,12.98,20.45
2055,20.01,5.52,13.56,20.03
2056,21.83,9.75,15.5,21.76
2057,21.82,9.57,14.67,21.87
2058,20.35,4.86,13.23,20.33
2059,21.77,10.62,13.51,21.78
2060,21.4,6.58,15.86,21.41
2061,21.48,3.99,12.38,21.03
2062,31.33,31.25,22.41,20.55
2063,16.89,16.53,18.12,24.77
2064,17.7,5.41,13.47,20.96
2065,22.67,5.77,13.98,22.71
2066,22.61,7.98,14.42,22.26
2067,22.87,21.9,15.88,23.27
2068,22.03,10.19,17.9,22.05
2069,21.83,6.83,14.36,21.81
2070,21.96,3.76,13.08,21.98
2071,22.24,7.92,12.59,22.23
2072,21.87,6.72,15.51,21.8
2073,22.62,8.4,13.25,22.25
2074,30.78,28.85,22.66,21.23
2075,13.37,11.36,18.85,23.34
2076,21.81,7.21,15.31,21.74
2077,21.86,9.63,13.1,21.98
2078,21.82,6.2,13.84,21.45
2079,28.96,28.87,17.86,22.48
2080,15.91,15.74,19.44,22.69
2081,22.04,5.51,16.68,22.04
2082,23.75,6.51,16.1,23.78
2083,22.47,4.98,13.03,22.08
2084,37.5,37.21,21.13,20.73
2085,20.91,21.04,22.06,30.23
2086,15.57,8.75,19.29,23.26
2087,22.96,7.59,12.66,22.89
2088,22.42,17.83,16.24,22.62
2089,22.92,5.77,15.95,22.95
2090,23.88,12.38,12.92,23.87
2091,22.98,8.33,16.05,23.87
2092,22.13,7,12.92,21.84
2093,35.37,35.43,22.91,20.95
2094,15.08,14.39,22.27,28.73
2095,21.38,3.72,15.23,22.39
2096,23.04,8.72,14.24,22.88
2097,21.17,17.56,14.58,21.39
2098,22.48,4.58,16.93,22.46
2099,22.9,8.19,14.05,22.62
2100,26.12,26,17.23,21.91
2101,18.21,12.76,18.88,22.72
2102,22.96,10.48,15.94,22.77
2103,21.4,4.81,14.54,21.59
2104,22.31,8.44,13.38,22.3
2105,22.6,10.75,15.48,22.6
2106,21.71,5.82,13.91,21.71
2107,22.69,9.75,14.08,22.7
2108,24.58,7.61,17.33,24.15
2109,34.77,34.91,20.56,21.89
2110,19.15,18.87,24.84,27.93
2111,18.22,7.92,14.35,22.76
2112,24.26,4.09,13.9,24.19
2113,26.19,1.84,13.96,26.24
2114,26.19,7.37,16.05,25.94
2115,24.63,21.52,17.46,25.94
2116,24.85,3.4,19.05,24.95
2117,25.32,0.11,12.42,24.88
2118,25.37,24.86,19.4,25.77
2119,24.16,0.47,19.12,24.09
2120,25.32,4.29,13.65,25.38
2121,25.19,2.01,16.14,25.26
2122,24.86,1.3,13.52,24.83
2123,25.12,0.92,13.28,25.13
2124,25.78,1.79,14.22,25.75
2125,25.99,2.28,14.06,25.98
2126,29.57,9.99,21.96,29.15
2127,35.28,34.96,20.92,24.94
2128,17.79,6.67,26.35,28.32
2129,26.58,2.64,15.03,26.41
2130,34.84,32.64,25.54,25.7
2131,16.93,4.46,22.66,26.48
2132,27.83,6.46,12.33,27.45
2133,32.1,30.92,23.85,25.24
2134,18.82,5.33,22.35,25.94
2135,27.88,7.75,16.39,27.94
2136,25.8,4.99,16.69,25.85
2137,26.73,4.58,15.13,26.26
2138,37.18,36.22,25.5,25.14
2139,16.29,8.96,24.53,28.8
2140,25.69,3.72,16.71,25.66
2141,25.49,5.05,16.35,25.38
2142,24.6,7.84,14.24,24.74
2143,25.25,5.88,18.78,24.87
2144,32.87,30.64,20.8,22.44
2145,16.05,11.38,23,26.88
2146,24.01,2.02,16.83,23.44
2147,31.5,31.53,20.72,22.99
2148,17.63,6.36,23.48,26.23
2149,22.22,13,18.26,22.69
2150,25.24,5.83,18.89,24.91
2151,24.24,4.82,14.63,24.49
2152,23.75,6.01,14.89,23.77
2153,24.35,3.03,14.43,23.95
2154,27.25,25.63,20.16,22.18
2155,18.53,15.4,19.71,24.01
2156,23.58,4.24,16.32,23.64
2157,23.43,3.01,16.32,23.41
2158,24.4,7.09,13.76,24.39
2159,24.22,4.28,16.25,24.22
2160,23.68,0.05,12.82,23.7
2161,24.29,4.25,13.49,24.26
2162,23.16,1.12,13.85,23.18
2163,23.93,2.68,13.4,23.77
2164,24.32,5.44,15.47,24.47
2165,23.28,3.8,14.89,23.26
2166,25.26,7.51,15.12,24.74
2167,33.2,30.41,25.92,22.65
2168,14.72,6.14,19.75,25.77
2169,24.19,3.9,16.06,23.93
2170,22.91,9.35,17.47,23.16
2171,24.31,4.51,14.48,24.27
2172,25.58,4.63,13.6,25.38
2173,24.7,3.94,18.29,24.32
2174,31.87,30.91,20.65,23.63
2175,14.92,5.19,22.25,23.5
2176,24.18,17.68,15.84,24.09
2177,24.92,5.51,22.47,25.27
2178,23.7,3.47,13.57,23.4
2179,23.43,21.01,18.91,23.72
2180,24.29,6.65,20.26,24.1
2181,22.26,11.01,17.79,22.41
2182,24.17,9.76,17.31,24.21
2183,24.38,8.3,16.02,24.41
2184,24.52,4.61,16.49,24.24
2185,25.78,25.1,17.38,24.54
2186,22.89,5.97,21.85,23.99
2187,28.2,27.61,17.7,23.72
2188,20.74,9.07,24.18,25.45
2189,23.41,4.05,15.34,23.6
2190,24.75,8.23,14.07,23.6
2191,24.48,6.86,18.28,24.26
2192,35.77,35.57,20.15,22.04
2193,16.13,13.26,23.38,30.22
2194,24.15,8.48,16.6,23.87
2195,24.19,17.75,16.34,24.33
2196,26.19,6.7,18.94,25.97
2197,24.24,21.89,17.82,24.58
2198,26.19,8.32,21.47,26.17
2199,24.81,4.69,14.43,24.34
2200,35.27,34.92,24.45,24.01
2201,15.57,6.48,22.73,27.18
2202,25.64,5.34,14.07,25.69
2203,26.26,2.56,14.84,25.94
2204,34.19,34,21.07,23.39
2205,16.78,11.55,23.35,27.78
2206,25.96,7.13,17.27,25.98
2207,26.34,26.11,16.81,24
2208,24.28,6.27,16.58,26.4
2209,23.96,14.84,14.69,24.19
2210,25.84,8.53,16.52,25.79
2211,26.48,7.86,15.84,26.19
2212,32.32,32.29,21.53,24.07
2213,17.82,7.61,21.28,26.39
2214,25.32,7.3,14.96,25.08
2215,24.4,22.51,16.33,24.7
2216,26.15,7.19,21.56,26.12
2217,26.09,4.73,15,26.12
2218,25.28,2.67,14.59,25.11
2219,26.42,25.92,17.29,23.86
2220,22.02,1.98,16.73,24.7
2221,25.5,7.61,13.35,25.71
2222,24.99,3.16,15.29,24.87
2223,27.03,7.78,16.53,27.07
2224,24.81,4.38,13.37,24.88
2225,26.18,8.52,14.66,26.12
2226,25.5,5.68,16.31,25.53
2227,25.22,5.31,14.76,24.7
2228,34.16,33.83,22.1,23.97
2229,15.63,5.13,21.55,26.28
2230,25.49,7.81,13.96,25.22
2231,27.87,27.39,20.56,24.87
2232,20.72,6.09,16.65,23.92
2233,25.17,9.51,16.13,25.29
2234,25.54,9.93,14.79,25.17
2235,30.94,30.54,20.29,23.23
2236,16.94,15.62,20.69,24.91
2237,24.48,8.61,15.97,24.18
2238,26.12,25.74,19.16,23.04
2239,21.35,7.78,18.98,24.82
2240,24.29,6.17,15.97,24.13
2241,25.44,7.75,14.04,25.12
2242,25.5,25.44,19.78,23.6
2243,21.75,13.82,17.62,24.11
2244,25.13,11.72,15.11,25.16
2245,23.83,8.17,13.73,23.82
2246,25.28,11.93,14.73,24.84
2247,35.14,34.97,20.55,22.63
2248,16.27,11.64,18.58,29.17
2249,24.47,13.17,13.5,24.31
2250,22.31,19.64,18.1,22.43
2251,24.55,10.97,14.48,24.52
2252,24.6,13.02,18.9,24.62
2253,23.07,9.26,15.37,22.94
2254,24.65,23.78,19.13,23.24
2255,23.15,16.15,20.56,24.75
2256,24.16,10.25,14.9,23.83
2257,23.73,22.7,19.26,24.03
2258,24.14,11.77,18.24,24.19
2259,24.62,11.53,15.21,24.59
2260,23.89,14.52,14.54,23.88
2261,23.6,9.83,15.57,23.66
2262,25.11,11.75,18.19,25.02
2263,24.39,10.3,17.21,24.46
2264,24.24,10.07,14.84,24.19
2265,25.17,10.24,14.5,24.78
2266,28.29,28.09,23.05,21.99
2267,17.56,16.16,19.45,24.08
2268,24.69,23.97,21,23.48
2269,22.4,4.38,19.75,23.58
2270,24.3,21.56,17.71,24.54
2271,25.19,8.6,19.04,25.07
2272,24.38,7.43,14.72,24.49
2273,25.15,7.39,16.98,25.2
2274,24.01,7.56,14.25,23.5
2275,38.07,33,32.65,22.14
2276,13.25,14.07,17.59,29.68
2277,24.49,5.36,17.22,24.35
2278,25.07,17.95,16.59,25.1
2279,25.16,10.49,18.79,25.26
2280,24.81,7.88,14.26,24.52
2281,29.86,29.57,21.13,22.94
2282,16.43,9.17,19.61,23.62
2283,25.45,9.13,16.22,25.44
2284,23.59,4.75,14.41,23.58
2285,22.77,7.01,15.28,22.1
2286,31.85,32.17,23.66,21.66
2287,16.09,12.75,16.28,26.96
2288,23,10.36,16.04,22.99
2289,21.83,9.93,14.94,21.83
2290,21.55,7.85,15,21.54
2291,22.34,10.48,16.9,22.25
2292,22.74,14.9,16.37,22.65
2293,21.04,8.55,15.19,21.06
2294,22.51,19.32,15.44,22.67
2295,22.54,13.43,15.36,22.55
2296,21.14,9.37,15.08,21.11
2297,48.21,11.04,36.85,20.87
2298,16.15,33.96,25.64,19.64
2299,19.93,19.61,12.28,30.88
2300,19.81,18.73,19.34,32.73
2301,25.49,5.49,21.46,25.07
2302,25.94,22.06,20.64,26.37
2303,25.73,8.72,20.5,25.71
2304,26.27,8.41,17.57,26.19
2305,38.52,38.4,17.99,27.02
2306,14.23,12.15,14.17,25.77
2307,28.75,11.4,17.96,28.83
2308,25.52,8.42,18.13,25.43
2309,26.82,5.47,16.87,25.43
2310,27.99,8.91,18.97,27.32
2311,36.76,36.3,22.29,24.84
2312,18.21,15.05,25.09,30.61
2313,25.88,8.38,18.3,25.88
2314,28.53,8.24,20.12,28.59
2315,26.99,5.7,14.44,26.61
2316,36.67,36.59,24.3,25.25
2317,17.18,11.66,24.32,28.75
2318,27.4,6.98,17.56,27.58
2319,27.88,6.16,16.65,27.93
2320,26.71,7.87,14.52,26.65
2321,28.46,7.21,16.72,28.45
2322,26.42,2.57,16.7,26.5
2323,28.09,2.33,14.3,27.58
2324,33.06,33.16,20.53,26.3
2325,21.45,4.33,22.71,28.68
2326,29.34,4.75,15.97,29.23
2327,28.34,1.43,15.32,28.42
2328,30.17,9.42,16.96,30.18
2329,29.89,2.56,17.5,29.93
2330,29.2,4.84,16.06,29.19
2331,29.71,4.66,18.2,29.31
2332,37.29,37.3,20.82,26.78
2333,19.37,9.09,28.79,30.07
2334,32.67,1.63,17.44,32.86
2335,31.83,8.68,14.63,31.82
2336,31.9,1.96,21.23,31.92
2337,33.05,3.45,19.62,32.86
2338,30.42,3.88,16.66,30.04
2339,37.29,35.31,25.23,28.62
2340,20,2.88,27.21,29.2
2341,28.63,4.6,16.53,28.6
2342,27.92,1.32,15.48,27.89
2343,28.71,5.12,18.57,28.79
2344,27.63,2.77,14.91,27.11
2345,37.59,36.44,21.61,25.1
2346,16.29,9.4,29.12,29.34
2347,26.61,3.08,17.04,26.47
2348,26.93,4.48,15.91,26.53
2349,35.12,33.23,23.11,24.51
2350,17.78,9.65,27.28,28.84
2351,26.42,2.48,19.95,26.23
2352,31.1,27.83,19.37,26.02
2353,21.36,8.34,25.59,26.71
2354,26.7,3.29,16.61,26.68
2355,27.82,4.12,16.25,27.15
2356,32.99,31.17,22.77,24.82
2357,18.25,8.95,25.02,26.9
2358,27.15,2.65,16.7,27.2
2359,26.37,3.58,15.21,26.4
2360,26.26,1.88,16.37,26.37
2361,26.64,4.82,17.31,26.14
2362,38.47,37.88,20.97,25.07
2363,17.83,11.62,29.18,29.96
2364,24.04,5.18,20.09,25.79
2365,26.02,6.51,16.19,26.01
2366,26.8,4.44,16.47,26
2367,33.83,31.91,22.07,25.58
2368,18.02,4.92,24.11,26.85
2369,25.73,10.97,15.94,25.7
2370,24.99,13.45,21.23,25.2
2371,26.01,4.38,18.98,26.05
2372,27.31,3.55,15.43,26.8
2373,28.03,27.84,20.65,25.46
2374,23.82,10.11,21.7,26.92
2375,26.95,6.3,17.25,26.81
2376,26.61,5.61,15.13,26.68
2377,26.73,3.77,14.6,26.31
2378,39.05,38.89,21.23,23.68
2379,20.1,19.43,27.65,32.07
2380,22.43,6.29,20.31,26.29
2381,25.49,7.65,16.03,25.42
2382,25.9,9.06,15.14,25.93
2383,25.68,7.23,16.41,25.19
2384,35.09,35.22,22.2,24.82
2385,16.66,9.51,24.79,27.3
2386,27.2,8.41,15.19,26.79
2387,30.38,29.98,24.41,25.87
2388,21.27,4.54,21.83,26.12
2389,26.05,16.23,16.27,26.27
2390,25.38,6.27,19.67,25.38
2391,26.48,8.37,14.27,26.36
2392,26.77,11.44,19.05,26.73
2393,26.73,9.44,17,26.87
2394,27.54,7.74,17.29,26.98
2395,36.41,36.42,21.49,23.64
2396,20.2,19.64,28.35,30.7
2397,23.71,5.21,18.03,26.54
2398,26.79,8.11,13.57,26.71
2399,26.54,6.32,18.13,26.63
2400,26.61,6.61,14.77,25.52
2401,35.89,36.09,20.32,24.98
2402,16.57,10.54,27.84,28.48
2403,26.9,9.89,15.56,26.44
2404,26.15,26.29,22.49,26.59
2405,25.21,8.97,20.05,25.31
2406,26.6,6.09,16.94,26.61
2407,26.61,4.58,15.35,26.57
2408,28.31,20.44,19.77,28.28
2409,27.78,1.72,17.82,27.44
2410,34.19,28.53,19.94,19.62
2411,19.78,18.16,28.26,25.49
2412,17.47,8.05,17.52,21.72
2413,17.77,7.17,19.34,22.76
2414,22.13,7.38,16.59,22.13
2415,21.54,9.09,18.25,21.55
2416,22.26,9.64,16.12,22.24
2417,22.78,9.39,19.82,22.52
2418,23.31,21.88,18.7,21.08
2419,20.09,14.54,20.7,22.63
2420,33.88,33.23,20.17,23.24
2421,21.15,20.67,19.22,21.79
2422,16.18,15.84,18.99,25.56
2423,23.39,10.18,17.62,23.75
2424,26.45,19.76,20.07,24.58
2425,23.69,14.88,22.68,25.56
2426,23.7,9.39,19.45,23.86
2427,24.07,7.04,15.47,24.15
2428,24.72,10.3,17.86,24.69
2429,24.28,8.88,18.51,24.28
2430,23.97,8.43,15.68,23.97
2431,23.14,9.44,16.1,23.13
2432,23.18,8.67,16.75,23.21
2433,24.27,7.57,16.83,24.26
2434,23.94,8.41,15.79,23.83
2435,24.22,8.87,15.55,24.26
2436,25.39,10.03,18.62,25.45
2437,24.2,4.97,15.72,24.2
2438,24.2,7.48,16.86,24.2
2439,24.16,6.51,15.91,23.59
2440,33.65,33.8,20.12,22.11
2441,20.82,19.16,27.36,28.65
2442,19.99,5.63,20.13,24.26
2443,24.54,8.26,15.04,24.54
2444,24.75,7.17,17.66,24.48
2445,28.36,25.94,17.17,23.18
2446,20.04,8.68,26.47,25.52
2447,24.4,6.6,16.92,23.99
2448,29.45,29.12,19.95,24.24
2449,19.94,7.57,22.72,25.56
2450,24.84,7.87,16.21,24.8
2451,24.93,3,16.36,24.95
2452,24.9,8.26,14.05,24.57
2453,36.33,36.09,21.63,22.68
2454,19.93,18.27,29.81,29.69
2455,20.88,4.73,20.06,25.12
2456,25.79,5.53,15.79,25.71
2457,24.33,4.39,14.21,24.41
2458,24.05,4.43,16.11,24.03
2459,23.98,2.45,13.96,23.93
2460,24.1,6.2,14.92,23.57
2461,32.46,29.96,20.01,23.39
2462,17.42,16.8,26.98,26.79
2463,24.38,1.69,18.08,24.68
2464,25.05,5.6,13.81,24.85
2465,23.08,11.83,17.03,23.25
2466,24.54,7.67,18.86,24.28
2467,24.3,19.6,18.3,24.56
2468,24,5.47,19.67,24
2469,25.88,6.51,17.69,25.86
2470,24.57,4.86,14.64,24.03
2471,35.71,34.84,21.53,22.75
2472,22.97,19.18,29.49,29.18
2473,16.59,5.79,21.24,23.88
2474,24.5,8.53,14.14,24.52
2475,25.11,7.93,18.03,24.83
2476,27.43,27.03,18.6,23.43
2477,20.67,7.18,23.75,24.71
2478,23.24,19.12,18.66,23.44
2479,24.09,10.84,20.88,24.1
2480,23.71,6.94,18.05,23.64
2481,23.55,5.48,14.88,23.23
2482,33.3,33.34,21.9,23.17
2483,16.66,13.93,22.56,26.47
2484,23.79,6.8,19.28,24.52
2485,25.23,7.15,16.14,25.27
2486,24.66,5.49,16,24.16
2487,32.83,32.98,18.7,23.06
2488,15.94,12.27,25.45,25.99
2489,23.97,2.57,16.4,24.08
2490,25.19,5.02,14.74,25.28
2491,26.53,25.72,14.83,24.63
2492,23.49,3.07,14.18,25.08
2493,24.59,19.41,16.52,24.55
2494,23.64,20.95,24.79,23.94
2495,25.49,5.69,19.84,25.5
2496,25.91,5.84,17.97,25.72
2497,24.94,3.57,14.28,24.93
2498,29.49,28.5,19.91,25.77
2499,21.28,5.02,23.17,25.19
2500,26.62,6.19,15.14,26.05
2501,31.65,30.01,22.8,24.26
2502,18.26,13.03,23.89,26.19
2503,26.4,7.45,15.64,25.84
2504,29.93,28.94,23.25,23.62
2505,18.91,14.28,23.47,25.81
2506,27.12,8.46,20.58,26.54
2507,30.05,28.63,19.6,24.28
2508,20.32,9.71,26.08,26.41
2509,26.3,17.37,18.88,26.09
2510,26.95,9.85,24.93,27.37
2511,26.26,9.15,17.17,25.98
2512,31.22,28.97,20.17,24.65
2513,20.42,10.3,27.5,27.02
2514,25.41,4.39,16.77,25.11
2515,34.98,35.2,23.42,24.73
2516,17.02,10.06,25.58,27.85
2517,25.27,8.37,16.87,25.24
2518,26.75,8.46,16.39,26.15
2519,28.44,26.5,20.43,23.67
2520,20.91,7.03,25.95,26.13
2521,24.07,4.57,15.14,24.25
2522,25.63,4.83,14.5,25.28
2523,25.43,11.63,17.07,25.2
2524,31.15,31.03,22.88,24.27
2525,18.8,8.75,23.82,26.07
2526,25.31,15.65,19.68,25.32
2527,24.6,5.81,18.97,24.55
2528,25.55,8.26,15.13,25.27
2529,28.79,27.68,21.44,23.83
2530,20.77,10.27,22.63,26.25
2531,27.11,5.2,16.41,26.39
2532,31.82,32.01,21.56,24.02
2533,18.91,14.41,23.91,27.41
2534,25.26,5.4,19.6,25.25
2535,26.09,3.01,15.56,25.51
2536,34.72,34.76,25.01,24.58
2537,17.13,11.87,24.52,27.4
2538,25.32,5.68,19.52,25.76
2539,24.28,4.99,15.11,24.3
2540,25.79,8.14,16.14,25.71
2541,25.98,6.63,16.31,25.44
2542,37.7,35.81,22.33,22.83
2543,20.56,20.63,29.33,29.14
2544,18.38,4.49,19.99,25.27
2545,24.99,7.15,15.09,24.97
2546,25.33,7.29,19.59,24.78
2547,34.06,32.98,23.24,23.23
2548,16.49,17.15,23.76,27.21
2549,24.9,8.19,19.42,25.44
2550,25.73,3.85,15.16,25.32
2551,32.52,32.72,24.71,23.92
2552,17.38,12.94,21.46,26.35
2553,25.92,6.97,19.05,25.56
2554,26.52,26.19,17.79,23.6
2555,21.39,5.53,21.19,24.58
2556,24.92,11.75,14.22,25.03
2557,24.3,6.36,17.58,24.34
2558,25.19,6.47,17.06,25.31
2559,24.82,9.67,16.93,24.81
2560,24.3,6.53,16.19,24.31
2561,26.78,5.57,15.85,26.33
2562,33.54,33.18,21.17,22.5
2563,20.68,16.16,27.95,27.58
2564,22.67,26.08,20.23,27.12
2565,28.21,5.46,20.51,28.27
2566,27.04,4.24,16.23,26.47
2567,29.83,27.85,20.96,24.49
2568,20.84,9.87,25.88,26.83
2569,27.76,7.93,16.92,27.43
2570,31.03,25.45,21.79,25.71
2571,20.99,7.39,24.76,26.64
2572,26.46,3.91,16.25,26.48
2573,27.27,6.63,15.77,27.23
2574,25.74,2.56,17.08,25.79
2575,26.72,5.74,15.25,26.22
2576,35.03,34.23,22.44,24.76
2577,17.55,12.84,28.11,28.3
2578,26.55,7.99,17.76,26.53
2579,25.35,3.54,18,25.38
2580,27.03,8.29,14.4,26.58
2581,34.49,33.62,24.87,24.68
2582,17.46,9.04,24.77,27.69
2583,26.1,7.62,16.87,26.11
2584,25.8,7.56,18.62,25.29
2585,31.49,29.65,21.29,24.65
2586,20.07,5.07,25.8,26.95
2587,25.63,24.93,16.9,25.27
2588,25.93,9.73,23.92,26.74
2589,25.92,2.68,16.28,25.91
2590,26.65,5.34,17.52,26.69
2591,25.67,4.29,17.24,25.58
2592,25.63,3.99,15.03,25.65
2593,25.9,7.45,17.9,25.5
2594,36.2,30.41,22.07,23.51
2595,17.54,9.74,29.57,27.74
2596,22.15,6.49,18.44,25.09
2597,25.9,4.45,16.85,25.87
2598,26.49,4.49,16.15,25.96
2599,34.22,32.14,21.74,23.68
2600,17.28,8.26,27.44,27.48
2601,24.9,4.47,19.53,25.59
2602,25.88,8.21,16.86,26.07
2603,26.8,7.51,17.03,26.81
2604,26.22,4.56,18.67,26.17
2605,27.32,6.65,15.9,27.2
2606,24.93,1.04,18.27,25.08
2607,26.11,8.17,15.08,25.56
2608,35.04,29.66,24.8,24.68
2609,15.07,6.55,25.94,25.25
2610,26.13,5.2,17.87,26.42
2611,25.39,10.05,19.7,25.22
2612,27.43,20.25,19.86,25.1
2613,23.32,4.89,24.99,25.89
2614,25.36,0.72,14.63,25.58
2615,26.33,4.61,19,26.48
2616,24.93,4.07,15.12,24.39
2617,34.87,31.69,25.01,24.63
2618,16.91,6.75,25.23,27.68
2619,25.17,3.93,17.26,25.05
2620,25.72,3,17.45,25.79
2621,25.08,4.85,15.88,25.12
2622,25.75,2.12,16.6,25.23
2623,31.64,29.2,20.55,23.84
2624,18.34,5.03,25.7,26.53
2625,25.74,3.33,16.91,25.96
2626,25.12,1.96,14.68,25.03
2627,25.53,3.13,15.59,25.46
2628,25.53,6.49,18.48,25.51
2629,25.04,25.19,15.6,25.12
2630,26.18,3.56,17.49,26.19
2631,25.22,1.46,16.01,25.21
2632,24.87,3,16.24,24.95
2633,24.69,6.24,16.88,24.64
2634,24.05,3.62,17.88,24.05
2635,25.83,6.45,17.14,25.28
2636,31.75,26.11,23.19,23.9
2637,16.39,2.03,21.92,24.85
2638,25.4,1.47,16.85,25.36
2639,24.97,0.22,15.85,24.64
2640,27.2,14.48,18.97,24.18
2641,21.53,3.49,23.22,24.29
2642,27.11,19.04,19.03,23.54
2643,20.98,5.97,24.6,25.13
2644,24.2,3.4,14.45,23.75
2645,32.17,28.15,20.79,23.28
2646,17.11,8.09,25.5,26.4
2647,23.95,4.43,16.77,23.8
2648,23.92,2.56,15.23,23.6
2649,30.6,22.8,23.02,23.56
2650,15.71,5.06,21.73,23.27
2651,24.84,3.65,16.82,24.82
2652,23.57,2.75,16.23,23.6
2653,23.46,4.36,15.55,23.39
2654,24.53,3.37,16.46,24.17
2655,34.75,25.84,20.3,22.33
2656,19.41,14.32,29.27,24.5
2657,16.14,4.33,17.8,23.83
2658,23.76,1.82,14.18,23.28
2659,26.71,14.47,20.98,24.04
2660,20.15,3.92,20.26,23.28
2661,23.28,2.9,14.98,23.37
2662,24.31,1.26,15.58,24.2
2663,23.53,3.22,14.97,22.98
2664,34.93,28.42,22.29,23.12
2665,17.5,7.04,26.96,26.58
2666,20.56,2.8,18.14,23.91
2667,24.66,1.71,14.97,24.72
2668,24.81,2.33,15.81,24.25
2669,36.08,26.94,19.28,21.91
2670,19.71,10.3,30.64,26.58
2671,16.06,0.15,17.46,23.92
2672,24.58,5,13.32,24.45
2673,24.59,1.62,17.82,24.52
2674,23.6,2.02,14.38,23.6
2675,24.05,1.82,15.33,24.23
2676,24.97,3.4,14.76,24.49
2677,35.61,28.8,24.9,23.24
2678,14.73,6.83,24.39,26.49
2679,22.9,1.99,17.21,23.82
2680,24.1,3.85,15.36,24.25
2681,23.93,5.97,15.9,23.81
2682,22.8,0.82,16.1,22.45
2683,34.27,27.81,24,22.74
2684,12.81,2.56,21.51,24.22
2685,22.67,2.71,15.57,23.24
2686,24.07,4.04,15.73,24.13
2687,23.44,23.43,14.97,23.43
2688,24.08,1.82,15.59,24.08
2689,24.42,0.93,14.73,24.4
2690,23.54,3.72,15.02,23.05
2691,35.09,30.86,22.97,22.89
2692,13.99,4.56,25.3,26.61
2693,24.88,3.5,17.18,24.52
2694,30.06,25.24,19.04,22.44
2695,15.5,3.54,23.75,23.51
2696,23.76,23.79,14.29,23.79
2697,23.63,2.93,14.74,23.6
2698,24.14,1.15,16.6,23.68
2699,34.97,27.61,20.62,22.55
2700,14.96,4.68,25.48,25.02
2701,20.1,22.89,16.24,22.91
2702,24.61,2.83,16.57,24.09
2703,29.15,20.04,18.99,22.48
2704,16.03,2.51,21.62,23.2
2705,24.54,3.91,16.85,24.33
2706,22.9,23.14,15.79,23.14
2707,24,3.88,16.85,23.98
2708,24.18,0.12,15.25,23.78
2709,35.59,26.07,18.34,21.29
2710,18.27,4.29,27.48,25.28
2711,15.38,1.11,18.39,22.95
2712,22.23,1.58,14.51,22.24
2713,21.82,0.9,14.34,21.8
2714,21.55,1.83,13.9,21.68
2715,23.27,1.17,14.97,23.24
2716,23.61,23.49,15.2,23.49
2717,24.19,0.88,13.55,24.3
2718,24.48,4.58,18.9,24.49
2719,23.48,3.72,14.69,23.1
2720,32.58,22.85,22.54,21.91
2721,17.2,4.44,22.65,22.92
2722,17.88,2.7,17.24,23.1
2723,22.46,2.73,14.02,22.55
2724,23.27,1.4,15.69,23.27
2725,23.5,1.24,16.27,23.11
2726,29.29,21.41,18.16,21.29
2727,14.59,2.31,21.79,22.98
2728,22.51,2.37,15.71,22.16
2729,22.26,2.01,15.78,22.49
2730,22.29,0.39,13.41,22.25
2731,23.22,2.37,16.45,22.67
2732,34.96,24.47,16.8,19.58
2733,20.03,9.17,30.74,26.41
2734,12.93,2.82,17.43,22.5
2735,22.6,1.47,14.43,22.7
2736,22.93,3.15,15.07,22.75
2737,22.36,2.41,15.34,22.13
2738,34.49,24.33,21.7,21.28
2739,16.42,7.39,23.82,24.71
2740,16.92,3.28,17.3,22.23
2741,22.37,0.38,13.4,22.29
2742,21.6,2.96,15.1,21.71
2743,22.4,4.76,16.77,21.9
2744,34.11,26.4,20.27,21.07
2745,15.92,6.24,25.16,24.8
2746,18.01,2.41,16.78,22.25
2747,24.3,19.8,16.14,21.77
2748,18.63,3.55,21.3,21.48
2749,22.06,4.56,13.37,22.03
2750,21.73,3.84,15.35,21.87
2751,23.62,6.08,15.37,23.56
2752,25.22,5.63,20.25,25.21
2753,24.6,5.05,19.66,24.63
2754,24.67,4.81,20.13,24.71
2755,25.57,5.53,17.65,25.44
2756,25.23,4.73,19.99,25.26
2757,24.48,4.85,17.24,24.55
2758,25.48,5.46,17.39,25.46
2759,24.73,3.86,16.35,24.69
2760,24,3.84,18.67,24.06
2761,22.81,4.02,14.03,22.68
2762,22.91,2.54,15.99,22.9
2763,21.88,1.23,14.02,21.8
2764,21.27,3.11,14.34,21.39
2765,22.03,2.76,14.89,21.88
2766,21.57,1.09,15.15,21.8
2767,21.98,0.86,13.06,21.43
2768,33.93,27.37,20.02,20.83
2769,18.83,8.39,27.5,25.9
2770,15.79,4.79,19.21,22.38
2771,26.51,26.14,14.66,26.07
2772,34.18,26.47,20.31,24.9
2773,16.73,1.06,25.3,26.48
2774,25.9,25.86,14.75,25.82
2775,24.75,24.82,15.62,24.86
2776,25.96,2.47,14.71,25.42
2777,31.21,23.03,22.93,25.08
2778,18.91,1.64,23.2,25.14
2779,25.07,4.52,15.18,25.28
2780,25.64,25.11,18.97,25.04
2781,34.81,27.37,19.34,24.24
2782,15.62,2.8,27.5,26.79
2783,24.61,24.73,14.48,24.73
2784,26.35,25.97,13.96,25.89
2785,37.1,27.61,22.23,25.28
2786,14.73,4.98,27.07,26.47
2787,25.19,25.57,16.17,25.57
2788,25.02,7.61,17.05,25.17
2789,25.43,25.37,22.75,25.37
2790,26.4,25.94,15.9,25.84
2791,35.29,26.32,17.27,24.3
2792,15.83,4.78,29.43,26.8
2793,24.69,25.43,17.35,25.43
2794,27.11,26.36,14.96,26.28
2795,31.23,21.62,19.71,24.44
2796,18.07,25.63,22.83,25.64
2797,25.9,25.65,16.09,25.65
2798,24.6,5.67,17.46,24.63
2799,26.74,1.63,22.24,26.99
2800,24.79,24.79,15.01,24.79
2801,26.28,25.77,12.88,25.67
2802,35.13,26.29,21.15,24.74
2803,14.51,1.88,26.75,25.52
2804,26.83,26.82,16.15,26.82
2805,27.35,0.04,15.84,26.8
2806,36.56,27.99,18.78,24.53
2807,15.47,1.35,29.93,27.82
2808,25.05,25.02,15.11,25.02
2809,25.04,10.98,16.57,25.22
2810,26.13,0.6,23.32,25.59
2811,31.21,24.8,17.77,24.82
2812,19.05,2.35,26.62,25.67
2813,25.65,25.58,13.1,25.57
2814,32.67,27.71,18.49,25.53
2815,17.08,0.09,24.97,24.51
2816,25.5,25.66,14.18,25.66
2817,26.03,25.87,14.81,25.87
2818,25.25,25.36,15.13,25.34
2819,26.72,26.35,14.82,26.33
2820,33.57,25.34,20.6,25.1
2821,17.01,1.3,25.64,25.78
2822,26.72,26.47,17.68,26.47
2823,24.07,6.45,16.94,24.41
2824,26.85,26.85,19.44,26.88
2825,26.64,26.51,14.57,26.51
2826,25.9,25.93,14.12,25.93
2827,27.02,26.68,16.26,26.61
2828,35.77,26.94,17.34,24.03
2829,17.75,3.67,29.33,26.16
2830,21.68,25.36,18.57,25.36
2831,25.03,9.15,15.22,25
2832,26.13,25.86,22.61,25.7
2833,34.11,25.51,19.84,24.54
2834,17.04,5.75,28.09,25.2
2835,24.72,26.56,18.93,26.55
2836,24.95,6.74,14.51,24.92
2837,24.4,24.65,19.94,24.65
2838,25.42,25.38,14.66,25.38
2839,26.1,25.65,15.28,25.6
2840,24.73,12.4,17.71,25.2
2841,25.35,25.26,20.64,25.26
2842,26.59,26.17,13.5,26.09
2843,35.51,26.65,17.76,24.16
2844,18.22,3.32,30.21,26.98
2845,23.29,26.28,19.19,26.54
2846,25.97,25.56,14.79,25.48
2847,30.07,19.43,16.39,25
2848,19.82,0.5,25.14,25.02
2849,33,21.12,17.06,24.94
2850,19.17,0.65,27.17,27.49
2851,27.95,1.2,16.73,28.03
2852,28.09,28.07,19.54,28.07
2853,28.37,1.38,16.08,28.08
2854,27.88,28.09,18.86,28.09
2855,28.83,28.93,15.9,28.93
2856,29.88,29.85,19.88,29.83
2857,27.23,27.06,16.18,27.08
2858,25.88,25.65,15.06,25.58
2859,37.85,28.74,21.2,24.74
2860,19.48,4.17,29.25,25.34
2861,18.72,1.04,18.97,26.2
2862,23.82,6.13,14.05,24.06
2863,26.28,0.1,19.22,25.8
2864,35.12,29.22,22.61,24.92
2865,16.1,0.29,24.27,26.72
2866,25.95,25.88,15.38,25.9
2867,25.49,25.17,13.28,25.06
2868,35.26,27.52,20.35,24.79
2869,15.1,0.38,26.53,25.92
2870,25.45,25.22,16.48,25.17
2871,28.28,15.88,18.51,24.92
2872,21.87,0.3,23.2,25.7
2873,25.89,25.47,12.45,25.36
2874,28.82,20.01,19.16,24.97
2875,21.19,25.43,22.11,25.43
2876,25.54,25.55,13.63,25.55
2877,25,25.18,13.12,25.17
2878,26.11,26.11,14.83,26.08
2879,25.95,25.66,13.3,25.69
2880,26.09,25.82,15.39,25.78
2881,33.92,29.71,17.91,24.37
2882,16.32,20.21,27.46,26.25
2883,25.26,24.85,15.05,24.82
2884,33.4,26.53,18.24,25.53
2885,30.61,22.51,46.63,24.73
